0.002592	-0.001861	0.000913	0.013830	0.006782	-0.007989	0.014979	0.005119	0.000465	-0.007791	0.000876	-0.013940	-0.002437	0.018753	0.007058	-0.012506	0.009426	-0.000377	-0.023238	-0.016022	0.004640	0.010469	0.006924	-0.001589	0.010628	0.012842	0.000192	0.013046	0.015610	0.000441	0.004077	-0.008664	0.015687	0.003166	-0.001943	0.000465	0.003836	0.019456	0.006731	-0.001749	-0.008077	-0.018663	-0.010573	0.014114	-0.008670	-0.002260	-0.010144	0.001140	0.005428	-0.006052	-0.003648	0.016254	0.002447	0.006463	0.006799	-0.001261	0.009824	-0.002713	0.001727	-0.021163	0.016536	0.005017	0.011752	0.003883	0.005762	-0.007984	-0.000394	0.001190	-0.000746	0.000723	-0.015083	-0.000234	-0.003356	0.003261	0.007196	0.015194	0.004972	-0.002573	-0.000314	0.005948	-0.002934	-0.009736	-0.015095	-0.007272	-0.012365	0.008323	-0.015386	-0.000748	-0.001218	0.002875	-0.008917	-0.004663	-0.002155	0.012537	-0.000617	0.011413	-0.023523	0.001993	0.009495	-0.003562	
0.021818	-0.006411	-0.001161	0.004437	-0.003111	0.000469	-0.006062	0.005045	-0.011947	0.012061	0.003843	-0.004293	-0.002151	0.003971	-0.017376	0.007561	-0.009066	-0.007928	0.018467	0.000494	-0.023310	0.001479	0.000710	-0.014952	0.013395	0.003495	-0.003191	0.004107	0.001180	0.015549	0.001716	0.000067	0.000568	-0.012730	-0.021096	0.011695	0.009181	0.001197	-0.006775	-0.007957	-0.001648	-0.008987	0.016041	0.006842	0.011349	0.003036	-0.008011	-0.006522	0.006343	-0.004690	0.010691	-0.007935	0.004976	-0.006849	-0.002739	0.006777	0.003213	-0.021812	0.000367	0.013262	-0.000330	-0.002567	-0.004425	0.007608	-0.005474	-0.009529	0.016469	0.010182	0.013473	-0.004076	-0.014162	-0.001502	0.015033	0.014043	0.005913	-0.009728	0.005732	-0.005761	0.010996	-0.007060	0.009140	0.010485	-0.008358	-0.004544	-0.007640	-0.000740	0.011345	-0.004489	-0.008598	-0.004845	-0.007594	-0.013023	0.018888	0.006216	-0.021378	-0.006844	0.007900	0.009127	0.002866	-0.002021	
-0.013524	-0.000126	0.009848	-0.014597	-0.004948	0.001509	0.008330	0.008281	-0.014164	-0.006439	0.002309	-0.004889	-0.001682	-0.013522	0.001311	-0.013508	-0.008013	0.023026	-0.007072	0.003847	-0.014744	-0.005280	0.000710	-0.004931	-0.001074	0.002909	0.013624	-0.015669	0.008569	-0.003788	0.014616	-0.009567	0.000086	-0.004007	0.011347	0.008122	0.000399	0.001741	-0.003149	0.000544	0.012749	0.005359	0.002143	-0.005330	-0.008030	-0.019456	-0.001523	0.010181	0.001184	-0.007639	-0.000378	0.004059	0.001871	-0.003502	0.024600	-0.005285	-0.005500	-0.011371	0.004999	-0.011003	0.013557	0.022386	-0.002157	-0.010142	0.020463	-0.014796	0.019814	0.001802	-0.005055	-0.005160	0.004717	0.005472	-0.003130	0.009642	0.000124	0.003804	0.006829	0.000260	-0.001080	0.010347	-0.001391	-0.012943	-0.005235	-0.004960	-0.014386	-0.013436	-0.008944	0.014621	0.009710	-0.001432	0.017245	-0.014940	0.019529	0.010037	-0.009711	0.007108	-0.008847	0.002060	-0.000280	0.005590	
-0.007423	0.009147	0.009690	-0.001829	0.006893	0.003454	0.003311	0.006336	-0.026523	0.008683	-0.008524	0.003526	0.003751	0.003340	-0.012158	-0.005766	0.003649	-0.012521	-0.012146	0.003192	-0.015957	0.007798	-0.001157	0.012676	0.013822	0.006258	0.024099	-0.003332	0.004393	-0.015377	0.017464	0.016471	-0.003066	-0.004977	-0.001283	-0.001493	-0.014078	-0.011644	0.002980	-0.013804	0.000436	-0.021168	-0.003926	-0.006076	-0.007491	-0.015583	-0.000184	0.004608	0.009291	-0.009144	0.022030	-0.007291	0.013839	-0.002469	-0.027809	-0.005887	0.007568	0.002415	-0.019598	0.000584	0.003258	0.010903	-0.006695	0.006559	-0.003714	-0.005050	0.002944	0.012840	0.019751	0.002828	0.000776	-0.021737	-0.002245	0.008484	0.000806	-0.000834	0.012826	0.002949	-0.003908	0.004437	-0.000642	-0.003172	0.003311	-0.006489	-0.016659	-0.004305	-0.003203	0.005924	-0.006714	-0.007517	-0.003419	0.008969	0.006545	-0.018805	-0.010353	-0.007555	-0.001123	-0.014652	-0.015446	-0.000831	
-0.004300	0.012762	-0.020096	0.004621	-0.002155	0.001362	0.001462	0.001475	-0.011938	0.004271	0.007498	0.009181	0.005086	-0.008389	-0.000842	0.005371	0.008977	-0.013656	-0.015243	0.011116	0.003473	-0.010666	-0.000683	-0.006590	-0.005192	0.033808	0.011197	0.004056	0.008846	0.005796	0.012622	-0.001512	0.018111	-0.002716	0.015687	-0.002884	0.001618	0.002739	-0.007301	-0.013369	0.000501	0.003697	0.021314	-0.003764	0.007112	0.015458	-0.008503	-0.015883	0.012401	-0.005530	-0.012955	0.010473	0.006416	-0.006860	0.007759	0.005577	0.018539	-0.001478	-0.015384	-0.010800	-0.006447	-0.001238	0.008749	-0.000459	-0.008344	-0.007631	-0.005499	0.011409	0.011897	0.008707	0.001256	-0.015592	-0.007095	0.016119	0.021319	-0.003114	-0.015378	0.018889	0.007047	-0.003503	-0.007935	0.004336	-0.001532	0.010208	-0.002991	0.007040	-0.008841	0.002204	0.015030	-0.003555	0.018820	-0.000925	0.001863	0.014680	-0.011435	0.016901	-0.000859	0.014979	0.001441	-0.009712	
0.008224	0.007541	-0.008059	0.002910	-0.002012	0.008039	0.007194	0.006565	-0.005060	0.014245	-0.009303	-0.002421	-0.012801	-0.001945	0.008111	-0.009071	-0.008148	0.008464	-0.003866	-0.020313	0.008860	-0.013300	-0.003912	0.010997	-0.006884	0.002150	-0.003860	-0.001309	-0.001115	0.002339	0.002283	-0.022451	0.013982	0.010759	-0.007603	0.005022	0.018746	0.000923	-0.005626	0.002182	0.007147	-0.013166	-0.001784	0.007786	-0.013091	0.009840	0.013473	0.004520	0.010285	-0.004860	0.001331	-0.004901	-0.006295	0.004723	-0.005502	-0.003672	-0.008456	0.007768	-0.014157	-0.001213	0.015973	-0.000440	0.005231	-0.000282	0.001710	0.013263	0.016186	0.010185	0.010544	0.004518	-0.009888	0.004722	0.004145	0.001301	-0.006519	-0.018520	-0.003029	0.027026	0.001961	-0.013450	0.007422	-0.001335	0.001635	0.003678	-0.004123	-0.013456	0.006067	-0.006664	-0.001733	-0.001188	0.012614	-0.020169	0.008216	-0.012928	0.006360	-0.019025	-0.000131	0.011907	0.005187	-0.003872	
-0.006584	0.008475	0.015174	-0.020884	0.002850	-0.003403	0.005551	-0.001165	0.008931	0.000497	-0.001038	-0.011158	-0.000380	-0.003623	0.008247	-0.007645	-0.020449	0.001277	-0.014313	0.012966	-0.002923	0.005086	-0.003361	0.006627	0.001422	0.010322	0.017043	0.003642	-0.002469	0.004264	0.006552	-0.012436	-0.002276	0.010855	0.013113	-0.002055	-0.003559	-0.003375	0.002356	0.017174	0.011564	0.007937	-0.008942	0.003232	-0.008170	-0.004096	0.002989	-0.010512	-0.001181	-0.003275	-0.001090	0.019599	-0.006445	-0.000845	0.008685	-0.003308	-0.004199	0.012704	-0.004472	0.006923	0.008553	0.003143	0.017101	-0.008015	0.010911	0.006418	-0.001160	-0.023239	-0.006593	-0.004546	-0.015876	0.013824	0.002985	0.003327	-0.020596	-0.004961	0.003140	0.001459	0.002726	-0.003291	-0.012442	0.000989	-0.019236	0.017672	-0.002222	0.004399	0.000160	-0.004949	-0.003771	-0.002270	0.012344	-0.006646	0.012895	-0.005504	0.026025	-0.014100	-0.001630	0.013473	0.003436	-0.012592	
-0.007279	0.008214	0.013532	0.006259	0.004820	-0.003589	-0.014794	-0.004139	0.002700	0.000267	0.000539	-0.014733	-0.006843	-0.013731	-0.005292	-0.015373	0.004717	0.010188	0.006043	-0.009594	-0.000444	-0.005456	-0.024666	-0.006226	0.014390	-0.011440	0.014466	0.007420	-0.019160	0.006304	-0.020313	-0.010880	-0.009507	0.005679	0.002053	-0.011432	0.035093	0.012890	-0.000618	-0.013440	0.010899	-0.015807	0.000961	-0.015029	0.003047	-0.008197	0.013245	0.006393	0.006186	-0.006638	0.003763	0.016604	0.012900	-0.009602	0.004784	-0.003254	0.010851	0.001630	-0.002991	-0.019877	-0.010952	-0.013720	0.005226	0.019677	0.006422	-0.018523	0.002212	0.004865	-0.001490	0.003690	-0.003978	0.018032	-0.005927	-0.016669	-0.003259	0.000845	0.005185	-0.009775	-0.006198	-0.005643	-0.006309	-0.008661	0.016679	-0.005077	-0.016955	0.009821	0.012981	0.007864	-0.006275	0.007259	0.005640	0.009539	0.001064	-0.007512	0.015617	0.005057	0.016398	0.005620	0.005470	-0.001263	
0.013407	-0.006378	-0.010315	0.006421	0.006940	0.004595	0.002139	-0.000517	0.002612	0.009219	-0.011956	-0.000830	-0.004054	0.000971	0.008984	0.011180	-0.011217	0.002335	0.002153	-0.003138	0.006709	-0.001659	-0.019166	0.002187	-0.003229	0.026598	0.014337	0.028596	-0.020668	-0.000564	0.007159	0.018894	0.008059	0.016816	-0.000640	0.003885	0.005649	-0.002580	-0.012154	-0.014587	0.005971	0.004570	-0.013743	0.002888	-0.001213	0.004574	0.003442	-0.009349	-0.008228	0.002761	-0.005802	0.002773	0.001357	-0.009508	-0.003718	-0.001047	0.010248	0.000681	-0.026952	0.010912	-0.003439	-0.009639	-0.007955	0.004580	0.003521	0.005199	0.002277	0.005520	-0.007639	-0.011735	-0.000461	0.020678	-0.025023	-0.012876	0.020535	0.002828	0.005978	-0.013452	0.004758	-0.006719	0.000951	0.006771	-0.008308	-0.014439	0.009395	0.010990	-0.003403	0.000497	0.010563	0.022741	-0.006864	-0.001898	-0.022237	-0.001958	-0.001086	-0.013288	0.004655	-0.006270	0.012403	-0.014014	
0.003867	-0.017456	0.003411	0.002213	-0.000532	0.004050	0.001834	-0.004205	0.013472	0.004832	-0.007367	-0.007817	-0.014029	-0.008872	0.004468	0.013408	-0.005658	0.009003	0.001308	0.000006	-0.000212	-0.000358	-0.000257	-0.012721	0.023383	0.003567	-0.006644	0.006753	-0.001921	-0.004002	-0.009849	-0.008026	-0.008370	0.027810	0.007771	0.002730	0.004953	-0.008993	-0.002940	-0.018166	0.004894	-0.000989	-0.008665	-0.008212	0.002600	-0.021237	-0.012959	0.021034	-0.005105	-0.000626	-0.002962	0.011752	-0.011924	0.007502	-0.001882	-0.004386	0.017611	-0.006554	0.007564	-0.002145	-0.008914	0.005821	0.005580	0.005827	0.008149	0.009842	0.002951	0.007015	-0.003995	-0.003471	-0.002682	-0.017163	0.005865	0.016396	0.009846	-0.009806	-0.012795	-0.009103	0.021887	-0.013242	-0.007099	-0.000631	0.006048	0.021101	-0.001017	0.000582	-0.010937	0.014334	0.014970	-0.011015	0.014326	-0.019097	0.009712	-0.003227	-0.008421	-0.009150	-0.005776	0.007076	0.013607	-0.021380	
-0.003284	0.000202	0.008712	0.004941	0.009678	0.009321	0.000351	-0.001176	0.006210	0.010571	0.006110	-0.001948	0.003657	0.017746	-0.017663	0.000624	0.018322	0.013619	0.006220	-0.013661	-0.003709	0.013627	-0.008209	-0.004992	-0.008991	-0.012374	0.007199	-0.001739	-0.015018	-0.009777	-0.015872	-0.010563	0.015033	0.006803	-0.006278	0.015620	0.002454	-0.013811	0.013261	-0.012524	-0.002667	-0.013244	0.010414	0.009058	-0.008510	0.016251	-0.017804	0.010337	0.004909	-0.003637	0.011134	0.005909	0.004471	-0.008230	-0.003249	-0.021092	0.012046	0.007780	-0.005739	0.001307	-0.001036	0.002993	-0.001793	0.008706	0.001346	-0.015010	-0.005652	-0.012522	-0.005271	0.005612	0.019175	0.005066	0.006011	0.001453	-0.006376	-0.004864	-0.014885	0.013674	-0.003203	-0.002032	0.028382	-0.007736	0.011708	0.000894	-0.008567	0.006132	0.002039	0.009975	-0.003105	0.000041	0.010891	0.001433	-0.008776	-0.007103	0.006287	0.018672	0.002175	0.005614	-0.000909	-0.005646	
0.008183	-0.000511	0.010322	0.011492	-0.017513	-0.014440	-0.005413	-0.012219	-0.007129	0.028525	-0.004076	0.002761	0.017043	0.001536	-0.002486	0.023312	-0.013646	-0.000345	-0.000314	0.002892	-0.002062	-0.004001	-0.005623	0.003497	-0.004216	0.004469	0.003305	0.002447	0.000028	-0.017450	-0.012570	0.010970	0.007436	-0.021168	-0.005741	-0.005763	-0.002362	0.010572	0.017893	0.007560	0.011489	0.010898	0.004426	0.009818	-0.010094	-0.014077	0.003419	-0.002255	0.006148	0.001633	0.009623	0.008425	0.006793	0.005113	-0.007766	-0.014308	0.003154	0.000701	-0.003097	0.001683	-0.011711	0.017959	0.015534	-0.000020	0.008033	0.016543	-0.002196	0.009976	0.003773	-0.008237	-0.000372	-0.004235	-0.018305	0.011534	-0.015151	-0.009288	0.013700	-0.020954	-0.012585	0.002568	-0.001374	-0.008866	0.013760	0.000575	0.011781	-0.001773	-0.029165	-0.011522	-0.005506	0.014185	-0.003133	0.003509	-0.003033	-0.000780	0.023031	0.003575	-0.021953	-0.013516	-0.014382	0.002017	
-0.002331	0.002856	0.007904	-0.005213	0.006913	-0.003359	0.008187	0.003698	-0.019160	0.005578	-0.006368	0.008847	-0.005090	-0.011719	-0.000746	0.008257	0.001199	0.001056	-0.013736	-0.001688	0.000484	0.005896	0.001005	-0.000444	-0.011429	-0.011958	0.000581	-0.022236	0.022387	0.004325	0.006894	0.012606	-0.004562	0.005780	-0.004089	-0.015869	-0.000404	-0.011643	-0.000753	0.011113	-0.001432	0.003981	0.002305	0.010424	0.014183	-0.008024	0.003938	0.004499	0.017039	-0.003349	0.021599	0.002025	-0.012880	0.007009	-0.000339	-0.010436	0.006366	0.005989	-0.005725	-0.005127	-0.015807	0.002369	-0.002305	-0.019877	0.019253	0.010844	0.006755	0.005165	0.001480	-0.018742	0.022099	-0.016234	-0.014868	0.006078	0.000556	-0.022954	-0.009098	0.006483	0.009123	0.009066	0.011061	0.004634	-0.014014	0.008048	-0.005289	-0.013028	0.002059	-0.008240	-0.006420	-0.002101	0.001187	-0.017585	-0.012091	0.004862	-0.003885	-0.000012	0.001423	0.002111	-0.002650	-0.016166	
-0.000726	-0.005582	-0.007852	-0.009932	-0.003119	0.019177	-0.015374	-0.004507	0.003956	-0.007204	0.008343	-0.004002	-0.009001	0.009890	-0.007284	0.008793	0.013487	0.006899	-0.000720	0.004550	-0.000357	0.004400	0.003189	-0.001758	-0.016732	-0.013653	0.000909	-0.013795	-0.008873	-0.002232	-0.001485	-0.010652	-0.010518	0.001982	0.008898	0.001576	0.021388	0.007562	-0.014734	0.018253	0.010979	-0.004085	-0.010798	-0.007915	-0.005620	0.001760	0.018895	-0.004092	-0.014653	0.025668	0.003353	0.013620	0.006141	-0.019670	-0.001669	0.003926	-0.001400	0.003684	0.010640	-0.029023	-0.002326	0.002379	0.021176	0.003623	-0.004347	0.016321	0.006999	-0.007955	-0.000346	0.012770	-0.006432	-0.008100	0.008899	-0.004771	-0.031808	0.015322	-0.004645	0.000156	-0.019455	0.002804	0.004424	0.004011	0.008152	-0.012517	0.007700	-0.006364	0.007359	-0.004570	-0.012217	-0.008885	-0.003469	-0.015525	0.003549	0.000860	0.010214	-0.002021	-0.015510	-0.014015	0.005351	0.022815	
0.002450	0.004000	-0.002735	-0.005211	-0.012313	0.016030	0.010136	0.013111	0.012682	-0.008718	-0.019455	0.019893	0.010480	-0.002614	-0.002984	0.006755	0.004555	0.006515	0.000382	0.012321	0.005564	-0.017804	-0.007582	0.008909	-0.008368	0.006135	0.014602	-0.016875	-0.006954	-0.004553	-0.002585	-0.031380	-0.010865	0.012203	-0.003909	0.008139	-0.001697	-0.004622	-0.013086	-0.005802	0.000231	-0.005739	0.004347	0.006488	0.011903	0.011205	0.002638	0.000749	0.003773	0.006126	0.008865	0.001098	0.003200	-0.005731	0.008078	0.006756	0.010265	-0.009225	0.003336	0.001288	0.009823	-0.001366	-0.010358	-0.008073	0.012823	0.006010	0.019323	0.011913	0.010332	-0.003545	-0.008303	-0.006718	-0.015154	-0.009876	-0.008209	-0.006277	0.006400	-0.008449	0.008753	-0.003733	-0.008430	0.002776	0.018535	0.008199	0.007979	0.003080	0.002442	0.014891	-0.011151	0.002564	0.005786	0.014267	0.015529	0.007496	-0.002874	-0.003547	0.010854	-0.013814	0.012606	0.003580	
0.001318	-0.015814	0.017399	0.008974	-0.008889	0.006280	-0.020527	0.000128	-0.005915	0.023385	0.000411	-0.015088	-0.004112	-0.002538	-0.015303	0.001514	0.010349	-0.004836	-0.005490	-0.008640	-0.009148	-0.018233	0.010894	0.003712	-0.005843	-0.011306	0.004586	0.001979	0.008988	0.001097	-0.007844	0.002362	-0.010432	-0.004735	0.008846	0.010002	0.003757	0.000077	0.015753	0.003392	0.007851	-0.001549	0.015104	-0.023665	0.012185	-0.011864	-0.000646	0.006150	-0.000494	0.013049	-0.023024	0.022599	-0.007302	0.001928	0.006872	0.007696	0.015683	-0.010778	0.012750	0.000546	0.006721	-0.007988	0.013046	0.008151	0.002882	0.000963	0.002122	-0.011583	0.006910	-0.005590	0.006149	-0.001563	-0.008647	-0.009001	0.015605	-0.002391	-0.000269	-0.003881	0.001045	0.009539	0.010261	0.003968	-0.003587	0.005717	-0.004614	0.010753	0.009565	-0.002471	0.002871	0.008922	0.008043	0.007469	0.000371	0.002938	-0.015013	0.002182	0.009819	-0.013876	0.008974	0.001765	
-0.018169	-0.010565	0.004058	0.001087	0.001656	-0.000036	0.003363	0.011327	0.005024	0.030238	-0.007367	-0.006726	-0.007712	-0.012524	0.000097	0.007651	-0.010313	-0.000047	-0.018661	-0.000247	0.003561	0.012899	-0.004665	-0.003047	0.008251	0.008634	0.003491	0.013673	0.011128	-0.009947	-0.004642	0.011836	0.003486	-0.009630	0.005836	-0.012014	0.007624	-0.005746	0.004423	0.006084	-0.000438	0.001448	0.002505	0.008191	-0.019877	-0.004077	0.012118	-0.017235	0.015247	-0.001353	0.000128	0.002989	0.009706	0.004628	0.009330	-0.004029	0.011681	-0.001728	-0.004275	-0.010654	-0.016383	-0.001996	-0.007987	-0.001104	-0.009355	-0.003803	0.002115	-0.020094	0.006827	-0.009636	0.009928	-0.021593	0.000232	0.010486	0.024885	0.009281	0.003864	-0.009452	0.006230	-0.010635	0.002161	-0.005303	-0.007726	-0.009654	0.004249	-0.011137	0.017401	0.001580	0.014459	0.005716	0.001268	0.005470	-0.015154	-0.008287	0.001885	-0.026095	0.006134	-0.008084	-0.011740	-0.010151	
0.006779	-0.019954	0.013540	0.002229	-0.010153	0.007533	0.004732	-0.004674	-0.003722	0.001720	0.002154	-0.003746	-0.006071	0.016896	0.012766	0.014688	0.001225	-0.016872	0.012900	-0.012505	-0.004704	-0.007288	0.001878	-0.023094	0.025026	-0.000765	-0.001903	-0.008777	-0.014366	-0.014221	0.002444	0.019031	-0.014873	-0.010602	-0.006117	0.006072	-0.000486	0.017685	-0.009015	0.012839	-0.002171	-0.017373	-0.006916	-0.002549	-0.005644	0.004614	-0.014870	0.010686	0.019892	0.004136	0.006706	0.013255	0.006934	0.012985	-0.021523	0.011831	0.004020	0.012959	-0.000327	0.006678	0.013688	-0.001343	0.016541	-0.004840	0.009071	0.006907	-0.008056	0.017969	0.007059	0.011258	0.004857	0.003622	0.015835	0.018745	-0.008501	-0.002524	0.008773	0.002482	-0.014294	0.008059	0.010835	0.005830	-0.004264	-0.023382	0.002136	-0.003803	0.004274	0.006177	-0.008015	-0.001241	-0.013308	0.003359	0.010319	0.016760	0.001365	0.000762	0.010401	0.008135	-0.010952	0.008155	
0.007465	-0.005692	-0.016529	0.012603	0.008768	-0.002460	0.003450	-0.002458	-0.002540	-0.008575	-0.007382	0.006766	0.015819	0.003600	0.011908	-0.006046	0.003401	0.011914	-0.007281	-0.015170	-0.004435	0.013327	0.001769	-0.006485	0.007077	0.010396	0.016042	-0.007375	0.008935	0.001577	0.009002	-0.001395	-0.009781	0.003385	0.009417	0.004558	-0.000656	0.014615	-0.019235	-0.004188	0.001226	0.016468	0.012249	-0.003579	-0.000883	0.007009	-0.003244	0.007685	0.004875	0.002298	0.009547	-0.019732	-0.007141	0.023742	-0.001164	0.006731	0.003488	0.004936	0.003024	-0.005245	-0.013870	-0.003195	0.002629	-0.015807	0.007177	0.003721	-0.001487	0.005853	-0.016153	-0.008362	-0.019813	0.003149	-0.008422	-0.001458	-0.003808	0.007247	-0.007438	0.002574	0.000558	-0.005737	0.011603	0.007499	-0.011006	0.018324	-0.007806	0.001435	-0.013511	0.010486	0.008355	-0.013668	0.012335	0.006207	-0.003062	0.001946	-0.000559	-0.005346	0.002598	0.005518	0.000434	0.012888	
0.003470	0.009359	-0.011445	0.001035	0.020250	-0.006949	-0.007667	-0.002338	0.013031	-0.004202	0.005440	0.000243	-0.004701	-0.007703	0.021957	0.001281	0.022885	0.001043	0.016831	0.014754	0.000240	-0.020738	0.005612	-0.004328	0.011621	-0.010851	0.010704	0.003227	0.016533	-0.003992	0.003732	-0.004235	-0.007205	0.007727	-0.017456	0.013262	0.003324	-0.011651	0.005585	0.011615	0.011035	0.010074	-0.004004	0.011182	0.016395	0.007041	-0.015653	0.016331	0.008115	-0.011140	0.016616	0.006034	-0.001073	0.018959	0.026669	0.007189	-0.019525	0.011413	0.008476	-0.006930	0.005266	0.001925	-0.009850	0.007676	-0.004801	-0.006316	-0.015222	-0.008637	-0.008346	0.010072	-0.000668	0.007749	-0.009732	-0.011429	-0.003081	-0.019950	-0.003915	0.008062	0.008966	0.006572	-0.011165	0.012261	-0.005067	0.007217	0.001826	-0.005246	-0.006625	0.014471	0.024171	0.019748	0.006265	-0.006595	0.010558	-0.001993	-0.006354	0.009415	-0.009017	-0.010096	0.005401	0.009854	
0.001479	0.012117	0.004732	-0.001114	0.000921	0.011904	0.011265	-0.008930	0.014175	-0.007524	0.009697	-0.009643	0.012824	-0.006621	0.005291	0.005558	0.005449	0.016826	0.007292	0.005336	-0.012867	0.000453	-0.002263	-0.019231	-0.000988	0.001352	0.010196	-0.005342	-0.011601	-0.010714	0.015120	-0.005403	-0.014451	0.011546	0.026527	-0.014519	0.001706	0.008682	-0.010998	0.002171	0.004621	0.002739	0.002592	-0.027024	-0.008374	-0.002526	-0.014148	-0.018880	0.010853	-0.003862	-0.000662	-0.003858	-0.004818	0.029952	0.000517	-0.011806	0.000390	-0.007491	-0.008812	-0.009573	0.001169	0.002431	-0.003630	0.002409	-0.006364	-0.003306	0.002383	0.010178	0.004620	0.019464	0.022384	-0.001172	-0.000643	0.004130	-0.001132	-0.018375	-0.007146	-0.007300	0.007419	0.003646	0.001214	0.004739	0.013972	-0.012520	0.005857	-0.001305	-0.025167	-0.018874	-0.001034	-0.006867	-0.009425	0.004925	-0.014593	-0.016874	0.000145	-0.006530	-0.001729	-0.005267	0.001476	0.000103	
-0.012161	0.003415	0.000084	-0.001231	-0.014879	-0.013940	0.001818	-0.002970	-0.005343	-0.000839	-0.012948	0.005440	0.010190	0.014117	-0.024665	-0.003073	0.000608	0.009055	-0.005904	0.016828	0.002247	-0.013521	0.007639	0.000999	-0.013736	-0.000483	0.009461	-0.010140	0.001332	-0.011584	0.003112	0.001844	0.007369	-0.015869	-0.004072	-0.000398	-0.002389	-0.007581	-0.006275	0.010051	0.009850	0.018822	0.019243	-0.003793	-0.002595	0.002296	0.015117	0.009774	0.000102	0.024100	0.004542	0.008120	-0.011085	0.003750	0.006850	0.005048	0.006040	0.007262	-0.011358	0.009764	-0.012456	-0.001904	-0.002294	-0.013444	-0.000973	-0.016012	0.001948	-0.007420	-0.004207	0.002328	-0.002591	0.006230	0.000071	0.013609	0.006645	0.006616	0.002226	-0.005939	0.014694	0.013825	0.014467	0.003847	0.004721	0.003535	0.003057	-0.003717	-0.012730	0.003038	-0.018802	-0.000405	0.008399	0.011626	-0.013734	0.013332	-0.002854	0.007284	-0.012212	-0.010592	0.003410	0.005024	
0.014750	-0.000399	-0.006165	0.025026	0.006651	0.020742	0.010067	-0.005455	0.020818	0.011533	0.005627	-0.013232	0.012256	-0.008994	-0.007210	-0.004354	-0.004601	-0.002909	0.014675	-0.006733	0.014469	-0.017236	-0.003020	-0.008094	-0.008631	0.000525	0.008987	0.012690	-0.002788	0.009919	0.014055	-0.002413	0.008118	-0.011729	0.004106	0.019029	0.003346	0.006489	-0.003785	-0.002928	-0.000993	0.002664	0.001871	0.002047	0.001123	-0.010159	0.003155	-0.003028	-0.011669	-0.006129	0.012192	0.003416	0.004666	0.001133	-0.007167	-0.019376	0.004235	0.005554	0.001500	-0.007780	0.014530	-0.002093	0.005520	-0.009290	0.002419	0.011273	-0.008770	0.010177	-0.014945	-0.005801	0.006064	0.008151	-0.016369	-0.007205	-0.002254	0.012037	0.011343	-0.006953	0.004094	0.001710	-0.012958	0.006987	-0.000543	-0.009229	0.007214	0.013481	0.007616	0.014042	0.002014	-0.002302	0.019457	0.001028	-0.002350	0.005359	-0.012005	-0.010306	-0.005991	0.006367	0.009859	0.008926	
0.000391	0.002072	0.010052	0.000991	0.013621	0.001175	-0.008521	-0.000046	0.010468	-0.003241	0.014118	-0.009282	-0.016091	-0.005578	0.026025	0.010623	-0.003491	-0.009350	-0.009990	0.014824	-0.008658	0.019671	-0.007487	0.014684	0.000667	-0.003793	-0.004860	0.003138	0.000764	0.015467	0.022101	-0.010144	0.010190	-0.003261	-0.006552	0.010782	-0.009158	-0.003168	0.011896	-0.004566	0.008784	-0.024379	-0.017806	0.002183	0.000602	0.025669	0.012759	0.003730	0.032023	0.005908	-0.002126	0.001400	-0.010102	0.002261	-0.001710	-0.009807	-0.003631	-0.018589	-0.001929	-0.004899	0.001418	-0.001143	0.007280	0.030738	0.008755	0.003223	0.002709	0.010684	0.027882	0.013055	0.002899	0.004038	-0.011998	-0.000929	0.012110	-0.001923	0.015176	0.001096	-0.001228	0.002332	-0.010640	0.004610	0.006588	-0.005883	0.010121	-0.001656	0.004271	0.002927	0.000108	-0.008431	0.002406	-0.009782	0.010283	0.001482	0.000958	-0.006699	0.003273	0.008754	-0.004519	-0.003494	
-0.004530	-0.005116	0.011895	0.030452	0.008070	-0.010358	-0.004650	-0.002071	-0.005369	0.013108	-0.002320	-0.002315	0.005428	-0.004088	-0.011996	-0.004016	0.005544	0.005978	0.002130	0.003186	0.006858	-0.009029	-0.013080	-0.001318	0.005496	-0.001267	0.004188	0.007064	-0.005439	0.001367	-0.011645	-0.015735	0.006794	-0.003588	0.009604	0.018173	0.001769	0.029095	0.000361	-0.016879	0.011253	-0.007298	0.001319	-0.010139	0.004305	0.008196	0.001428	0.008917	0.004662	0.003730	-0.004600	-0.013670	-0.029523	-0.000366	-0.005818	-0.003259	0.005138	-0.002647	-0.001935	-0.001609	0.014970	-0.009991	-0.004957	-0.003057	0.004310	-0.010500	-0.010426	0.004363	-0.010422	-0.000042	0.007293	-0.023597	0.023955	-0.014665	0.010821	0.016896	0.000712	-0.000117	-0.000006	-0.002990	-0.004994	0.001300	-0.003270	-0.015365	-0.021240	0.014891	-0.010885	-0.010071	0.000291	-0.008013	-0.002193	0.007932	-0.008286	-0.001691	-0.016731	-0.002117	-0.000850	-0.007791	0.006903	-0.002869	
-0.001361	-0.007487	0.001626	-0.003164	-0.009084	-0.001397	-0.009640	-0.006845	-0.016090	0.007107	0.002026	0.001025	-0.003207	-0.021598	-0.008358	0.001744	-0.003176	0.008215	-0.007207	0.020463	-0.009999	-0.005907	0.003090	0.016615	0.007699	0.006343	0.008132	0.022744	-0.011315	-0.018451	-0.001165	-0.002423	-0.002117	-0.002553	-0.007529	0.002767	-0.008207	-0.001340	0.005585	-0.002193	-0.001090	0.003861	0.002815	-0.005247	0.006621	0.007490	-0.011351	0.020172	-0.004223	0.001508	0.016602	-0.014665	-0.004940	0.005107	0.004366	0.010674	0.002353	0.024813	-0.005487	-0.010995	0.004593	0.011191	-0.004336	0.006079	-0.001935	-0.002414	0.033593	-0.007532	0.014748	0.006039	-0.010150	-0.008492	0.006362	-0.001515	0.003151	-0.005601	-0.000818	0.003147	-0.001507	0.011764	0.015335	0.011897	-0.001327	0.001376	-0.007948	0.012837	0.002185	-0.011791	0.001981	0.008994	0.005982	-0.016739	0.001336	-0.004639	0.000139	0.008855	-0.005889	0.004227	-0.009651	-0.008021	
0.003349	-0.015886	0.003131	-0.002260	0.003595	-0.005234	-0.026808	-0.001030	-0.005313	-0.017088	-0.003297	-0.001630	-0.001710	0.000035	0.005648	0.010354	0.014040	-0.001544	0.005446	-0.012448	0.007974	-0.019593	0.013757	0.002793	0.004647	0.001864	-0.004919	0.002603	0.004000	0.001760	0.002822	0.008006	-0.012955	0.000344	-0.005996	0.005520	-0.010005	0.003588	-0.001156	-0.007279	-0.016096	-0.000586	0.012555	-0.013953	-0.007456	-0.002493	0.003529	-0.003758	0.007647	0.009782	0.013770	-0.006119	0.006305	-0.008417	0.012197	-0.000270	-0.008308	0.015835	-0.008052	-0.002145	-0.004206	-0.020308	-0.005508	-0.023953	-0.004152	0.012183	-0.000740	0.008202	0.001564	0.011703	0.006279	0.001211	-0.002602	-0.011165	-0.004266	0.005308	-0.005551	0.004310	0.005775	-0.011459	-0.002146	-0.006525	0.004940	0.010462	0.014835	-0.002342	-0.000803	-0.003707	-0.006561	-0.004942	0.007999	-0.008147	-0.001429	0.014832	0.003635	0.007541	-0.001966	0.001070	-0.014233	-0.001206	
-0.006784	-0.010240	-0.009017	0.016890	0.005790	-0.000313	-0.006730	0.004078	-0.002628	-0.014382	0.013192	0.001734	-0.003219	-0.000327	0.012760	0.005783	0.023098	-0.012080	-0.006708	-0.009078	0.008046	-0.002109	0.014045	0.023887	-0.004802	-0.000416	0.000525	-0.020951	0.017898	0.012039	0.014482	-0.014940	0.004874	-0.010442	0.010345	-0.002411	-0.003833	-0.009498	-0.017945	-0.019954	0.008715	0.007499	-0.003930	-0.014238	-0.008780	-0.011510	-0.005347	0.016118	0.000654	0.010348	0.013249	0.017181	-0.013369	-0.015302	0.011764	0.009431	-0.002572	-0.001649	0.008343	-0.001814	-0.010709	0.003101	0.006056	-0.001948	0.010621	0.007711	-0.010063	-0.003999	-0.016664	-0.009200	-0.015028	0.005862	-0.001370	0.002953	0.007839	-0.005763	-0.015950	-0.000360	-0.003520	0.005342	0.004870	0.010347	-0.006767	-0.020378	0.015824	0.007008	0.026382	0.001434	-0.004650	-0.000779	0.003995	-0.012168	0.005280	0.008604	0.017320	-0.004341	-0.004119	-0.011238	0.004780	-0.011294	
-0.003226	0.002274	-0.016940	-0.002674	0.001930	0.007929	-0.027381	0.003209	0.019391	0.015961	0.005062	-0.004588	-0.011790	0.016611	-0.025953	0.007392	0.007036	0.001518	0.003346	-0.022096	-0.008659	-0.001461	0.005968	-0.008455	0.003547	0.006765	-0.002754	-0.011219	0.007561	0.012125	0.005615	0.012532	0.001789	0.001929	-0.000077	0.004440	-0.015225	0.010318	0.000862	0.008247	-0.020592	0.005980	-0.005130	-0.000557	0.009549	0.005065	0.010988	0.008856	-0.018235	0.007974	0.011118	-0.009585	0.001642	-0.010293	0.010618	-0.007085	0.006789	-0.017525	-0.012155	0.002402	-0.015593	0.022171	-0.002929	-0.004490	0.009761	-0.002922	-0.000579	-0.013310	-0.007461	0.007274	-0.008873	0.009415	-0.005642	-0.007142	0.001344	-0.004213	0.011835	0.010275	-0.003486	0.015890	-0.009311	-0.001902	-0.000601	-0.011001	0.000758	-0.007279	-0.005362	0.008351	0.002328	0.002305	-0.009001	0.022603	-0.009513	-0.001858	0.012968	-0.017024	0.007121	0.007927	-0.010164	0.000908	
0.009717	0.007498	-0.003450	0.006997	0.008257	-0.005381	0.011772	-0.000994	-0.005224	0.009192	-0.010306	0.004755	-0.016311	0.005799	0.007983	-0.006235	-0.003731	0.010107	-0.002848	0.009505	0.004728	0.005286	-0.010950	-0.012364	-0.003865	0.010706	-0.008007	0.014538	0.003793	0.001154	0.010045	-0.000719	0.009502	-0.016016	-0.014227	-0.007593	0.011269	-0.026094	0.004905	-0.005816	-0.004219	0.005895	0.005007	-0.007738	0.011463	0.007689	-0.003195	-0.005501	-0.000256	0.007701	-0.006144	-0.005460	0.005935	-0.018239	0.027953	-0.002418	-0.005089	0.006799	-0.009384	-0.000454	0.005471	-0.002966	-0.005083	-0.023236	0.006410	0.019253	-0.008054	-0.015948	-0.001794	-0.004782	0.022888	0.002474	0.008970	0.001386	0.014101	-0.010444	0.016047	0.005266	0.003525	-0.015296	-0.017233	-0.002999	-0.004527	0.002176	0.002804	0.005113	-0.007455	-0.004145	0.003347	-0.009568	0.014692	-0.012742	-0.005489	-0.018313	0.007122	-0.016882	-0.012873	0.002751	-0.012428	0.023101	
-0.009002	-0.006570	-0.004816	-0.012172	0.001472	-0.020453	0.005968	-0.015448	-0.011525	-0.003287	0.000413	-0.001792	0.007574	-0.018877	-0.004773	-0.001937	-0.010000	-0.002278	-0.001791	-0.008586	0.008766	-0.021950	-0.028595	0.010694	-0.001621	-0.016441	-0.010579	-0.007157	-0.011813	0.000195	-0.006710	0.007176	0.011895	-0.002716	-0.010929	0.002209	0.003220	0.010705	-0.007080	-0.005491	-0.000739	0.003411	0.011554	0.010913	-0.006047	0.008143	0.003878	0.000212	0.012333	-0.012155	-0.002734	0.014262	-0.002922	-0.002424	-0.002633	-0.014878	0.032665	-0.001242	-0.008014	-0.011951	0.014680	0.000786	0.008254	0.010848	0.018891	-0.015869	0.006471	0.004751	-0.002626	0.002190	-0.011645	-0.000311	0.001854	0.007785	-0.002944	-0.014014	0.010046	-0.011424	0.005864	-0.021949	-0.021164	-0.016597	0.014336	0.001081	0.001468	-0.022164	0.018323	-0.009572	0.009140	0.001703	0.017463	0.005580	0.005857	-0.001233	-0.001608	-0.004627	0.004802	-0.008810	0.014338	-0.012872	
0.005994	-0.002282	-0.002140	0.001363	0.004229	-0.010709	0.011407	-0.008454	-0.013370	-0.004308	-0.010784	-0.002953	0.002870	0.014323	-0.000639	-0.008196	-0.001936	0.007585	0.000965	0.006926	0.000490	0.004138	0.005368	-0.004552	0.012753	0.000756	-0.009815	-0.014813	-0.001326	-0.002692	0.003737	0.025811	-0.009457	-0.012141	-0.007766	-0.004137	0.022455	0.004230	-0.000159	0.012827	0.005018	-0.004547	0.004093	-0.022526	0.014117	0.005572	-0.015810	0.017030	0.004017	-0.001187	-0.001979	-0.003308	-0.000434	0.004290	0.005876	0.006408	-0.003347	-0.007430	-0.016165	0.003223	0.006768	-0.005283	0.003287	-0.014935	0.000899	0.009110	-0.005072	0.011846	0.005329	0.007544	0.013113	0.029595	0.004842	-0.001090	-0.008377	0.020392	-0.014664	0.010492	0.004584	-0.001225	0.015178	0.007712	-0.010214	0.001528	0.004905	0.014625	0.005166	-0.002162	0.017110	0.000728	0.002678	-0.009273	-0.003654	0.013484	-0.008810	0.007962	0.001665	-0.016379	0.016758	-0.004342	
0.000958	-0.020810	0.005515	-0.001784	0.012045	0.007969	0.001067	-0.001616	0.013342	-0.005992	-0.011787	-0.003081	0.007917	-0.004474	0.001601	0.012464	0.014251	-0.009026	0.017251	0.019960	-0.004006	-0.008414	-0.004219	0.000454	-0.006581	0.006197	-0.004527	-0.017087	0.006400	0.006997	-0.006166	0.003567	-0.021098	0.006642	0.003358	-0.008378	0.001771	0.017970	-0.009072	-0.010217	0.030309	-0.000818	0.003331	0.000994	-0.028452	-0.006487	0.011829	0.002448	-0.001444	-0.001505	-0.005431	0.012472	0.000541	-0.010813	0.001316	0.005621	0.016048	-0.003023	-0.009871	0.014606	-0.013215	-0.003992	0.001850	-0.003131	-0.017312	0.010891	0.003611	0.016390	-0.002417	0.001175	0.022387	-0.007411	-0.001704	0.003010	-0.006720	0.023741	0.001423	0.018102	0.005969	0.007495	-0.007161	0.000450	0.005732	0.000972	-0.003147	0.006773	-0.006026	-0.007308	-0.007504	-0.014515	-0.012502	-0.006795	-0.003434	-0.001076	0.002168	0.016175	0.000050	0.007623	0.000390	-0.003500	
-0.015667	-0.012865	-0.008018	0.007498	-0.003934	0.006004	0.004038	-0.001902	-0.014883	0.003323	-0.003403	0.005584	0.006356	0.006551	0.003839	0.017603	-0.009146	-0.003797	0.015257	0.000071	-0.016100	0.016960	-0.004247	-0.005017	0.008052	-0.005462	0.002470	0.001671	0.011124	0.013121	-0.001231	-0.012026	-0.021879	-0.008379	0.013754	0.005853	-0.010591	0.028025	0.002427	0.012961	0.004187	0.010891	0.000000	-0.009242	0.009264	-0.011451	0.003368	0.011134	0.001301	-0.018168	-0.003124	0.006630	-0.007858	-0.016591	-0.015156	0.002119	0.011182	-0.000122	-0.004312	-0.005797	0.003707	-0.016164	-0.003664	-0.000802	-0.000098	-0.011725	0.013470	0.008497	-0.010313	0.002468	0.007698	-0.004115	0.015404	0.003707	-0.003546	-0.006603	0.007552	-0.001254	0.007476	0.007251	-0.005414	0.002332	-0.001606	-0.017804	0.015747	-0.009375	0.016038	0.008355	0.000666	-0.014077	-0.010565	-0.003850	-0.023309	0.015973	-0.005583	0.004892	0.002612	0.002210	-0.008927	-0.007089	
-0.015078	-0.016878	0.004323	-0.010571	0.010041	-0.009149	-0.005839	-0.010495	-0.001364	0.002797	0.012697	0.005495	0.003953	-0.002825	-0.035449	0.021888	0.003876	0.008332	0.005083	-0.007998	0.006895	-0.012950	0.006935	0.004106	0.003711	0.014181	0.007913	-0.012575	-0.001929	0.015684	-0.003156	0.004409	0.001888	-0.001822	-0.002264	0.000620	-0.015085	0.000301	0.008288	0.010398	-0.007068	0.001289	-0.000199	-0.010292	-0.013862	0.020391	0.009259	0.017748	0.010921	-0.001411	-0.000069	0.005974	-0.001101	-0.003519	0.012773	-0.010647	0.003199	-0.007144	-0.005544	-0.025594	0.009760	0.006345	-0.000989	-0.004115	-0.007222	-0.009521	0.009049	0.013127	0.008692	-0.004274	-0.000765	-0.007235	0.001252	-0.008430	-0.007658	0.006994	0.007080	-0.003888	0.002317	0.014472	-0.011146	0.001596	0.011842	-0.001252	-0.008288	0.001060	0.000546	-0.022667	0.005165	0.002385	0.002114	-0.009141	-0.016814	-0.002445	-0.001544	-0.013790	0.006875	0.002528	0.005995	0.008182	
-0.000767	-0.001636	0.010693	0.014829	-0.011450	-0.009737	0.010139	0.012893	-0.002304	-0.011140	-0.002300	-0.003567	0.007557	-0.010954	-0.012239	0.016887	-0.014029	0.001456	0.008563	-0.020163	0.006732	-0.001697	-0.010708	0.002254	0.003283	0.001296	-0.003359	-0.000444	0.017748	0.011538	-0.003670	-0.009863	0.003275	-0.005493	-0.010713	0.007909	-0.012652	0.003172	-0.016100	-0.001983	-0.016657	-0.000203	0.008575	-0.011735	-0.013077	0.004539	-0.003397	0.011323	-0.000220	-0.005708	0.007937	-0.002835	-0.014723	-0.004841	0.007461	0.010287	-0.009031	-0.017303	0.010146	-0.005628	-0.004291	0.016185	0.001006	0.001004	-0.020306	0.001654	-0.004711	-0.006273	0.012971	0.018818	-0.012011	-0.005904	0.003852	-0.022311	-0.031236	-0.000283	-0.025025	-0.005072	-0.000433	0.004544	-0.004648	-0.002486	-0.002124	-0.014011	-0.009519	-0.001758	0.004135	-0.015093	0.011555	0.002009	0.005479	-0.007316	0.008225	-0.003908	-0.014935	-0.008170	-0.002198	0.005051	-0.009724	0.016183	
-0.001951	0.010752	-0.010944	-0.001428	0.011532	0.000654	-0.007418	-0.013163	0.008039	0.009912	0.012179	0.000545	-0.007031	0.002690	0.003053	-0.000781	0.002138	-0.011379	0.002467	0.001294	0.006117	-0.018373	-0.002881	0.020100	-0.014454	-0.007129	-0.002828	0.006500	0.001708	-0.017446	0.002873	-0.002871	-0.004170	0.006976	0.001316	0.011611	0.008289	-0.010503	0.018175	0.000842	-0.001618	0.000879	-0.016165	0.010910	0.007289	0.004366	0.000239	0.017753	0.005996	-0.006556	0.007006	0.001064	0.012254	0.002303	-0.007174	0.000632	-0.002246	-0.000305	-0.009378	0.015259	0.015832	-0.008868	-0.015953	0.009053	-0.009579	0.001790	0.000548	0.011253	-0.010955	0.006842	-0.003182	0.009474	0.000130	0.007281	0.005866	0.006928	0.008121	0.013822	0.013318	0.007154	-0.002884	-0.022594	-0.008371	0.001470	0.004443	0.013770	0.001822	-0.009871	0.015329	-0.001283	-0.002244	0.013191	-0.013660	-0.002959	0.009555	-0.018158	-0.010811	0.010751	0.007288	0.006002	
0.007113	-0.002984	0.008392	-0.004483	0.003028	-0.000081	0.022532	0.009831	0.009392	-0.000053	0.012267	-0.003794	-0.017521	-0.004419	0.006557	0.008928	0.009427	0.001637	-0.005430	-0.004725	-0.006627	-0.015728	-0.007654	-0.005338	0.014960	-0.006665	-0.012458	-0.010924	-0.023597	-0.006695	-0.000409	-0.007149	-0.005000	0.002879	-0.017166	-0.009529	-0.000180	-0.010504	-0.002379	0.002104	-0.001602	-0.003198	-0.015584	0.013764	0.001979	0.001842	-0.006084	0.015122	-0.006118	-0.013383	0.000566	-0.005637	0.009270	0.002446	0.011471	0.004380	0.003641	0.014622	-0.000313	-0.010023	0.000853	-0.011653	-0.003328	-0.009573	-0.004622	0.011070	-0.012742	0.009319	-0.023736	-0.003684	-0.021305	0.006111	0.017959	0.011128	0.005294	-0.007768	0.009130	0.003638	0.012256	0.000218	0.005346	-0.001490	-0.005118	0.006137	-0.011289	-0.003661	0.000692	0.007283	0.003582	0.012961	0.007275	-0.002468	-0.008985	0.009148	-0.004355	0.007052	0.007779	-0.000244	0.003229	0.007142	
0.006404	0.008840	0.000834	-0.002265	-0.001052	-0.008954	-0.016313	0.000773	-0.002202	0.006933	0.004026	-0.013364	0.008431	0.005300	0.003261	-0.011441	0.004279	0.008425	-0.000946	0.003167	-0.011793	0.017033	-0.015869	-0.003787	-0.021378	-0.009995	-0.009386	-0.023379	0.003812	0.014624	-0.003982	0.002058	0.010564	0.002038	-0.006005	0.006048	-0.006764	-0.018735	-0.013095	-0.008445	-0.001023	0.005491	-0.002706	0.003320	0.013103	-0.012079	-0.000421	0.012558	0.013471	0.013839	-0.006915	0.022600	0.019171	0.014254	0.005056	0.005397	-0.009457	-0.005928	0.006858	0.011327	-0.000892	-0.007004	0.007827	-0.009634	-0.004254	-0.003572	-0.000904	0.000677	-0.002690	0.009544	0.005716	0.012340	-0.005645	0.006514	0.017822	0.003212	-0.007103	-0.000161	-0.006076	-0.001056	-0.009942	-0.005582	0.016542	0.001368	0.007855	0.010785	-0.009889	-0.014878	0.000772	0.024743	0.007228	-0.016516	0.008766	0.008319	-0.004572	0.009559	-0.001824	-0.009491	0.002870	0.006376	
0.016822	0.013973	-0.015454	0.005765	0.003047	0.012675	-0.013240	-0.004361	0.017186	0.002250	0.005377	-0.014864	-0.001085	-0.022379	-0.010720	0.002240	-0.005759	-0.008138	0.022460	-0.007349	-0.005166	-0.004880	0.009194	0.004067	-0.008569	-0.011856	0.006200	0.002514	-0.004092	0.009688	-0.009362	-0.018593	0.010616	-0.004379	0.007904	0.003490	0.005194	-0.011373	0.001936	-0.016084	-0.015728	-0.008649	0.007774	0.000516	0.004453	0.011748	-0.016441	0.018675	0.019677	-0.016156	-0.002317	0.002542	-0.009735	0.009046	0.007004	-0.013719	-0.007532	0.020528	0.011975	0.002209	-0.000796	0.016395	-0.009572	0.007137	0.004414	0.006983	0.007256	0.005583	0.005335	0.012695	-0.027667	-0.000864	-0.005422	-0.015311	0.002540	0.010003	0.009290	0.006261	-0.019305	-0.017300	0.005650	-0.006579	0.020177	0.010114	0.004192	-0.005212	0.000166	-0.003575	-0.000694	-0.003370	-0.006694	-0.003613	0.014256	-0.016665	0.009714	0.008605	0.001321	0.000656	0.009928	0.001408	
0.003403	-0.004745	0.000286	-0.012360	0.002813	0.006658	-0.018450	0.009916	0.008432	-0.001322	0.000724	0.008045	-0.004276	-0.012020	-0.002220	0.004597	0.012064	-0.004139	0.000388	-0.007360	-0.010102	-0.006977	-0.010218	-0.003938	-0.005727	0.004591	-0.003791	0.007399	0.006192	0.001487	-0.003925	0.017535	-0.017513	-0.003156	-0.028738	-0.009354	0.009184	0.001497	0.006560	0.006290	0.000478	0.000577	-0.004209	-0.000659	-0.006380	0.006774	0.011417	-0.006561	-0.010169	0.000137	-0.008204	0.007548	0.010206	-0.010137	0.020535	-0.013581	0.006342	-0.000183	0.005930	0.015388	0.008996	-0.014870	0.010618	0.000375	-0.001683	-0.014514	0.002946	-0.012667	-0.005729	-0.013000	-0.010888	-0.005103	-0.009088	0.011829	-0.003755	-0.007532	-0.007910	-0.005362	0.014606	0.008652	0.007296	-0.001518	-0.003634	-0.006069	0.007905	-0.005236	-0.009028	0.004272	-0.010505	-0.006374	-0.007913	0.009983	-0.022810	-0.012722	0.024528	-0.003574	0.006407	-0.005379	0.006850	0.007319	
-0.012030	-0.011384	-0.002252	-0.004503	0.006137	0.005363	0.002900	0.006407	-0.001285	0.008290	-0.011238	-0.015367	-0.011744	0.017818	-0.012242	-0.009859	-0.000112	0.007154	-0.011571	-0.005198	0.001281	0.018610	-0.002950	-0.003018	0.001131	0.015615	0.013459	-0.000208	-0.002888	0.019748	-0.011090	0.002088	-0.014884	-0.001693	0.021174	0.003488	0.001385	-0.011228	-0.001193	-0.001906	0.001698	0.008710	0.004926	0.002715	-0.006716	0.005908	0.007121	0.000473	0.005762	-0.007623	0.018107	-0.014081	-0.001086	-0.005068	-0.004075	0.003346	0.011610	0.001852	0.003204	-0.004444	-0.010855	0.007940	0.009611	0.013190	0.006139	-0.001876	0.023315	-0.002245	0.006965	-0.006982	0.024600	-0.003221	0.004935	0.005035	-0.007675	-0.011859	0.011904	-0.004657	0.000310	-0.008950	0.002242	-0.004076	0.006514	0.007357	0.002196	0.007153	0.000673	0.021098	-0.007238	0.011254	0.000547	0.003355	0.006863	0.000342	0.001851	0.003682	-0.001314	0.001535	0.007795	0.007901	
-0.001357	0.005825	0.005024	-0.008164	-0.000861	-0.020019	-0.015511	0.000539	-0.006490	-0.000831	0.014909	0.009079	0.004251	-0.003983	-0.017233	0.011769	0.000379	0.002047	-0.003077	-0.009948	0.002839	0.002922	0.003276	-0.007237	0.012482	0.001183	-0.014882	0.000671	-0.002154	-0.006662	0.009929	-0.006578	-0.014243	0.000070	-0.005076	0.004230	0.004904	-0.000388	-0.001954	0.020956	0.000841	-0.002241	0.001776	0.005946	-0.001074	0.000959	-0.003930	-0.007655	0.003336	-0.006009	-0.012290	0.014888	0.000505	0.011190	0.000264	0.000797	0.001592	0.012479	-0.000507	-0.005593	-0.002785	-0.005526	0.006585	0.000547	-0.015597	0.002151	-0.017457	0.002561	0.013907	-0.011798	-0.011806	0.011354	-0.020305	0.022032	-0.001713	-0.001353	0.000418	-0.000605	-0.012358	-0.007348	0.011772	0.001182	-0.013882	-0.019527	-0.011867	-0.004425	0.009199	0.010988	-0.015098	-0.015733	0.016825	-0.005785	0.015112	0.031237	-0.008628	-0.004314	0.008502	-0.009155	0.003861	-0.010663	
0.001666	0.011566	0.013323	0.000286	0.017818	-0.000570	0.003345	0.006873	-0.001257	0.005466	-0.019305	0.004773	-0.000618	-0.013660	0.000287	-0.009386	0.003545	-0.015740	-0.006149	0.000340	0.022104	-0.011812	0.004125	0.007795	-0.011645	0.005717	-0.012376	0.005511	-0.006559	0.023601	0.006349	-0.005508	0.020460	0.004237	-0.013305	0.008112	-0.000954	0.006234	0.001191	0.000257	0.007426	0.007906	0.000442	-0.002689	-0.000758	0.006486	-0.004077	-0.001481	0.010756	0.020100	-0.000473	-0.010029	-0.001509	-0.005909	-0.003158	-0.021240	0.014336	-0.011030	0.000904	-0.025594	0.000501	0.013177	-0.006958	-0.003673	-0.006507	0.009550	-0.010715	0.000822	-0.000833	-0.000186	-0.008450	-0.001029	0.004753	0.004272	0.001665	0.013984	-0.002301	-0.017372	-0.002403	0.009835	-0.017660	0.008891	0.007780	-0.001926	0.010491	0.003392	0.007901	0.014197	-0.001269	-0.001741	0.001742	0.002710	0.002108	0.003359	0.006085	0.004071	0.004549	-0.009933	0.004137	-0.017373	
0.014902	-0.001442	0.018894	-0.004224	-0.014448	-0.012359	0.006480	0.005995	-0.014383	0.005778	-0.004171	-0.032879	0.015976	-0.005473	-0.007123	0.003975	-0.005709	-0.000462	0.018035	-0.018240	-0.001327	0.008410	0.001913	-0.011526	0.012264	0.015122	-0.005367	-0.018597	0.024456	-0.005080	-0.012938	0.009780	0.005928	0.002640	-0.005517	-0.000499	-0.000870	0.001643	0.005837	-0.005204	-0.008808	0.003641	0.018396	0.021459	-0.009100	-0.007837	0.018036	-0.011524	0.011488	0.011566	-0.005992	-0.022311	0.004046	0.002602	0.007213	-0.009642	-0.000793	-0.023094	-0.014732	0.004287	0.005665	-0.013378	-0.001734	-0.004050	0.003902	0.001457	-0.008132	-0.004598	0.001993	-0.009805	0.008562	0.007618	0.003264	-0.014936	-0.004873	-0.017879	0.007554	0.003487	-0.000973	0.011539	-0.003809	-0.001187	0.006271	-0.009643	0.019323	-0.007811	-0.007783	-0.003853	0.019460	-0.025523	-0.001000	0.006585	-0.004762	-0.008227	0.009478	-0.013527	-0.003777	0.002317	0.004422	-0.000747	
-0.018231	-0.004574	-0.003492	-0.019166	-0.003327	-0.001840	-0.006169	0.000403	0.006105	0.000843	0.009468	0.005702	-0.011433	0.000395	-0.009867	-0.004069	-0.007522	-0.014724	-0.009362	0.003288	0.010897	0.011338	0.008349	0.001699	-0.001967	0.011607	-0.005155	-0.000875	0.008009	0.000241	0.009178	0.000891	0.009198	0.004154	0.014969	0.007299	0.002736	-0.002337	0.009903	-0.001851	-0.016378	-0.013948	0.004063	-0.003770	0.004188	-0.004910	0.005375	-0.000056	-0.004026	0.002321	0.000621	-0.004951	-0.008077	-0.004818	-0.011654	-0.002562	0.005519	-0.007564	0.010910	0.019599	0.001252	-0.003140	-0.017662	0.007764	-0.009304	0.006117	-0.003312	0.016889	0.001961	-0.000024	-0.005514	-0.008776	0.003940	0.004545	0.009853	0.002044	-0.005727	0.002769	0.000695	-0.008001	0.000171	-0.030808	-0.009429	-0.005789	-0.000531	-0.023452	-0.004933	-0.000168	-0.000141	0.001720	0.001667	0.002301	-0.010849	-0.005086	0.000601	-0.019383	-0.004874	0.002376	-0.013518	0.007254	
0.009411	0.006828	0.013967	-0.011939	-0.005689	0.025383	-0.002989	-0.005651	-0.024737	-0.006708	-0.008229	-0.003244	-0.028809	0.002657	0.010628	-0.014509	-0.002647	0.001076	-0.004639	0.002955	-0.005265	-0.005353	0.008109	0.024243	0.002431	0.008836	0.014041	0.006011	0.001295	0.001657	0.003948	-0.008080	-0.005723	0.000451	0.013408	0.002292	0.022104	0.006229	0.008269	-0.008156	-0.013518	0.009747	0.008063	0.000300	-0.008914	0.017257	0.012912	-0.010306	-0.010217	-0.009428	-0.015510	-0.008495	-0.005814	-0.001882	-0.003498	-0.004268	0.011900	0.009110	-0.000889	0.004650	-0.004499	-0.006653	-0.007420	-0.011598	0.006697	-0.003793	-0.012294	-0.004713	-0.006477	0.006361	-0.003539	0.017461	0.007038	0.016327	-0.018170	-0.009880	-0.001117	0.002964	0.005132	0.010110	0.000736	-0.000249	0.011494	-0.002285	0.003234	0.002274	-0.011442	0.010471	0.000429	0.001512	-0.003301	-0.001864	0.030809	0.000197	-0.003243	-0.002551	0.011112	-0.002310	0.007826	-0.008851	
0.007792	0.006207	-0.006355	0.014327	-0.005349	-0.002635	-0.004943	0.002117	0.000012	-0.000159	0.005134	0.019680	-0.003668	0.007365	-0.004211	-0.004017	0.004189	-0.001631	0.005895	0.002089	0.018676	-0.008284	-0.010865	-0.011439	-0.000829	-0.005638	-0.003282	-0.007293	-0.000916	0.015896	-0.005657	-0.002680	0.001924	-0.005094	-0.003365	0.001585	0.011637	0.000081	-0.005604	-0.034521	-0.000691	0.004268	-0.010218	-0.006104	-0.015651	-0.002502	0.001496	0.007848	-0.008144	0.002362	0.003229	0.005962	-0.000829	-0.012528	0.022815	-0.001135	0.009062	0.000610	0.004540	0.000471	0.000591	-0.007228	0.016388	-0.000564	-0.007946	-0.021880	0.009859	0.005926	0.005565	0.007193	-0.000176	-0.001067	-0.014221	-0.003520	-0.004372	0.007343	0.004863	0.002001	-0.001950	-0.009210	0.001600	0.013483	0.008145	0.009343	-0.001221	0.007860	0.007218	0.011189	-0.001038	-0.004685	-0.011804	0.004521	-0.007813	-0.000945	-0.001410	-0.008990	-0.006442	-0.007301	0.001885	0.013324	
-0.015447	-0.001935	0.010417	0.002577	0.005561	0.006908	-0.007285	-0.012713	0.002421	0.010247	-0.009496	-0.010093	-0.014365	-0.002002	0.000565	-0.004976	-0.005716	-0.012316	0.007983	0.006587	-0.005585	-0.014724	-0.010427	0.012918	0.001583	0.003215	0.003788	-0.004492	0.010967	0.002956	0.015121	-0.006384	-0.003645	0.009629	0.015749	-0.007808	-0.001491	-0.000204	0.002428	-0.003450	0.005006	-0.000739	0.009417	-0.018739	-0.006660	0.001300	-0.001726	-0.007568	0.012131	-0.000391	0.000255	-0.007627	-0.008356	-0.013287	-0.003744	-0.003268	-0.002462	0.005695	-0.008802	0.013970	-0.007863	-0.002255	-0.004979	0.009537	0.001639	-0.012164	0.006124	-0.009315	-0.002134	0.025170	-0.007523	0.014245	-0.002223	0.003452	-0.013089	-0.022307	-0.000060	-0.010431	0.016030	0.011566	0.017959	-0.005232	-0.012001	0.010920	-0.000596	-0.005139	0.002190	0.013609	0.009928	0.001865	-0.005988	0.018749	-0.003622	-0.001624	0.006909	-0.014306	0.000519	0.006588	0.015834	-0.009092	
-0.013883	-0.013435	0.003352	-0.006984	-0.003303	0.014749	-0.014082	0.002120	0.005896	-0.005808	-0.005604	-0.003328	-0.003958	0.010853	-0.004847	-0.010228	0.021886	-0.015453	0.010854	0.003647	0.002111	0.007964	-0.012378	-0.013149	-0.001860	-0.000940	-0.014242	-0.014087	0.009354	0.005072	-0.004874	0.008699	-0.003574	0.001302	-0.004500	-0.005983	0.011203	0.012052	-0.007351	0.000906	-0.003944	0.003829	0.005629	-0.001394	-0.007874	-0.000751	-0.006729	-0.009012	0.011110	-0.000598	0.013612	0.003640	0.004058	-0.019449	0.014675	-0.017516	-0.007795	-0.007070	-0.005091	0.007272	0.023530	-0.003786	-0.004028	-0.004295	-0.005794	0.013323	0.002879	0.005939	0.008928	-0.009924	-0.001538	-0.017664	-0.011427	-0.005390	0.004559	0.006686	-0.000638	-0.007651	0.002699	-0.001511	-0.000778	0.005658	-0.006291	-0.003187	-0.014880	0.000581	0.004940	0.003627	0.001198	-0.010648	-0.006796	0.000445	-0.012071	-0.002755	0.002651	0.007484	0.002233	0.017680	0.006851	0.005981	
-0.004559	-0.009727	0.018818	-0.006931	0.011968	-0.009147	0.022313	-0.005924	0.012198	0.005859	-0.007134	0.004983	0.004482	-0.000213	-0.005416	-0.012287	-0.000190	-0.008171	-0.012669	0.001621	0.006109	-0.007984	0.006202	-0.001837	0.013905	-0.000638	0.001422	-0.011020	0.005342	-0.011073	-0.001765	-0.001279	0.008760	-0.001895	-0.003295	0.005181	-0.004925	-0.004599	0.018041	-0.022735	0.005012	0.000442	-0.008353	0.007941	0.004629	-0.000603	-0.024596	0.006190	0.007778	0.017399	0.015122	0.009975	0.003871	-0.013866	0.005756	0.001012	0.008478	-0.017092	0.007995	0.018391	-0.008458	0.000104	-0.019880	0.020885	-0.023093	0.001796	-0.004146	-0.008379	-0.008564	-0.004146	0.003571	-0.003551	-0.001357	0.011135	-0.005706	-0.006812	0.009604	-0.009168	0.009895	-0.004619	0.006893	0.019816	-0.010064	-0.001030	0.008150	0.011564	0.010266	0.002767	-0.002020	0.015684	-0.003176	-0.018230	0.000393	0.012107	0.008906	-0.008650	0.010461	0.009216	0.012617	-0.005211	
-0.003540	0.015611	-0.004415	0.012176	0.004144	0.000124	0.003778	-0.002952	-0.006232	0.012103	-0.007449	0.007086	0.006688	0.001413	-0.020019	0.008328	-0.018515	-0.003079	0.005371	0.000761	0.001735	-0.015869	0.001818	-0.004410	0.019175	-0.004151	-0.009357	-0.003099	0.007580	-0.003733	-0.010162	0.009627	-0.003214	0.000523	-0.006166	-0.015226	-0.003995	-0.001490	0.004042	0.020960	-0.003686	0.008190	-0.006875	0.008003	-0.015170	0.009916	-0.004480	0.001296	0.009319	-0.000472	-0.003268	0.008392	-0.002935	0.019745	0.016402	0.011324	-0.012647	0.009215	0.012419	-0.008581	0.011563	-0.014728	-0.009778	-0.016883	0.009001	0.004019	0.019176	-0.007721	-0.013456	-0.010588	-0.014376	0.013405	-0.004705	0.004728	0.006937	0.005921	-0.010370	0.004643	0.015035	-0.008365	-0.013671	0.016316	0.009855	-0.014597	-0.013453	0.002001	-0.003798	-0.001449	-0.009590	0.003593	0.003490	-0.007023	-0.000235	0.016461	-0.011799	-0.002865	-0.004951	0.004986	0.008288	0.009344	
0.004825	0.008723	0.019815	0.003870	0.008617	0.004792	0.000055	0.000993	0.000500	0.014196	0.005697	-0.000794	0.004380	-0.002669	-0.011733	-0.005415	0.012397	0.009752	0.011393	0.009841	0.002355	0.002905	-0.005226	0.010276	-0.006625	-0.002184	-0.001368	-0.004479	-0.014455	-0.003264	-0.016084	-0.020097	0.005608	0.007144	-0.004086	0.004977	0.020531	0.007983	0.003885	-0.000732	0.011978	-0.013157	0.021887	-0.021097	-0.005187	0.005592	-0.014873	-0.006744	-0.003146	0.014039	0.021101	-0.028310	0.006871	0.000114	0.013127	-0.009142	0.010271	0.005589	-0.008369	-0.001378	0.005124	0.001973	0.013970	0.003041	-0.009232	-0.012380	-0.021381	0.005547	0.005379	-0.014376	-0.011522	0.001465	-0.005261	0.007398	-0.007558	-0.018737	-0.003486	0.019386	-0.010134	-0.011019	-0.002989	-0.027381	-0.016882	0.003439	0.005519	-0.011231	0.011207	-0.004354	-0.008934	0.011603	0.012418	-0.022592	0.004759	0.000631	-0.005362	-0.021168	0.011115	-0.001387	0.012845	-0.008740	
-0.003254	0.016747	-0.017730	0.004170	0.012468	-0.009523	0.018604	-0.022879	-0.000578	-0.007276	-0.011164	0.010896	-0.008701	-0.002386	0.000901	-0.024166	0.003286	-0.001453	-0.009950	0.009841	-0.005860	0.009968	0.010559	0.013174	0.011675	-0.011161	0.014605	0.008488	-0.021023	0.009462	0.018612	0.004918	-0.003133	-0.003461	-0.015802	0.021458	0.006253	-0.008142	-0.020740	-0.001173	0.014389	-0.002495	0.004254	-0.010075	-0.003544	-0.004747	0.003186	0.005080	-0.003010	0.002436	-0.000168	0.004491	0.005161	-0.003528	0.009487	0.003631	-0.006230	-0.003777	-0.001730	0.008713	0.009337	0.011393	-0.001321	0.008647	-0.008495	-0.005662	-0.008562	-0.012933	-0.000993	-0.009074	-0.008791	0.000801	-0.015016	0.005254	-0.015303	0.014324	0.002477	-0.005274	0.010562	0.001939	0.009709	-0.016158	0.001111	-0.000563	-0.001664	-0.024308	-0.018807	-0.011811	-0.001503	-0.001168	-0.006067	-0.011068	-0.003506	0.007113	-0.000745	0.007204	0.014466	0.003010	-0.005130	0.007992	
-0.006134	0.010963	-0.001443	0.004497	0.001196	-0.009815	0.019747	0.009288	0.007408	0.017328	0.003334	-0.027452	-0.006948	0.007078	-0.021949	-0.002837	-0.003977	-0.000393	-0.000972	-0.005726	0.005152	0.038520	0.000565	-0.010087	0.000830	-0.019167	-0.000976	-0.001148	0.016047	-0.007939	-0.006556	0.003972	0.005962	-0.021454	0.011350	-0.031379	0.002815	-0.007353	0.001239	-0.017812	-0.002876	-0.016874	0.000701	0.001785	0.001311	0.006651	-0.006010	0.015819	-0.000591	-0.007423	0.000829	-0.007380	0.014552	-0.013386	0.007687	0.008501	0.005637	-0.004724	-0.003452	0.000513	-0.007207	0.002612	-0.001590	0.013975	-0.002026	-0.006438	0.015394	-0.004256	0.004711	-0.007937	-0.009212	0.013690	-0.007242	-0.013303	-0.010924	0.001403	0.024813	-0.010366	0.000991	-0.009102	-0.003860	-0.004690	-0.009653	0.009632	-0.005401	0.025526	-0.021023	-0.005024	-0.001435	0.008224	0.001998	0.015620	0.010119	0.009778	-0.010925	0.007985	0.012774	0.008782	-0.003028	0.006143	
-0.002246	-0.004127	0.014340	-0.010665	-0.016372	-0.018733	0.011389	-0.007630	0.009829	-0.002429	0.005479	-0.020951	0.003356	-0.024808	-0.004830	-0.003292	-0.004349	-0.006489	-0.020593	0.001624	0.009194	-0.014079	0.023886	-0.009060	-0.001025	-0.012513	0.002731	-0.004326	-0.008290	-0.003243	0.002340	0.023741	0.002650	0.001975	0.008350	0.001658	-0.000158	0.008127	0.008823	-0.011305	-0.006856	0.005904	0.011694	-0.001548	0.001761	-0.014520	0.009063	-0.009098	0.008996	0.008844	0.007566	-0.006368	0.010429	-0.009884	-0.018527	0.003927	0.021170	-0.008148	-0.013875	0.011320	0.023742	-0.002932	0.021747	-0.025022	-0.007100	0.005112	-0.008367	0.009634	0.005281	-0.004738	0.011974	-0.011999	0.003036	0.002951	0.015895	0.003652	0.006681	-0.009301	0.010893	0.002700	0.011626	-0.002159	-0.013092	0.014977	0.000188	-0.007517	-0.000876	-0.017524	0.018464	-0.001389	0.010983	0.006270	0.012757	-0.000567	0.012393	-0.001324	-0.014667	0.002558	-0.016801	0.017465	
0.001897	0.000962	-0.005734	0.001502	-0.002437	0.000625	-0.017380	0.001354	-0.008206	0.013693	-0.003272	0.009853	0.004054	-0.008741	0.016464	0.002378	0.005657	-0.020091	-0.004706	-0.008156	0.009837	0.007263	-0.005227	-0.005473	-0.002833	-0.012641	0.008038	0.017388	0.014110	-0.005638	0.003618	-0.000729	-0.000192	-0.009803	-0.006848	-0.017376	-0.002116	-0.003835	0.022745	0.017254	0.015612	-0.001748	-0.001414	-0.005433	-0.007598	-0.003951	0.009144	-0.005229	-0.000590	-0.004298	0.003780	-0.000718	-0.014949	-0.019232	-0.004802	-0.009419	0.010035	-0.006210	0.013557	0.007203	0.000562	0.007748	0.005252	0.003012	0.002507	0.000248	0.004131	-0.001230	-0.001707	-0.014028	0.000461	0.009897	-0.008016	-0.019026	0.007643	0.009632	0.004453	0.000719	-0.003338	-0.003494	0.021098	0.005485	-0.005708	0.002370	0.013325	-0.010516	0.002734	-0.008793	-0.008715	-0.014723	0.004207	-0.004469	0.018540	0.009826	-0.025023	0.003077	0.017601	0.007836	-0.006666	-0.006201	
0.000105	0.012185	0.003750	0.002060	-0.004175	0.024670	-0.008202	-0.014940	-0.005167	0.003475	0.005691	-0.012226	0.003742	0.004647	-0.005635	0.005664	-0.002787	-0.019090	-0.003939	-0.006286	0.008786	0.004281	-0.010814	0.004346	0.006988	0.001650	0.025455	-0.009645	-0.008007	-0.006889	-0.008197	-0.009559	-0.027452	-0.012357	-0.015385	-0.005551	-0.005984	-0.021096	0.006121	0.002969	-0.014807	0.006332	-0.016945	-0.001351	0.003855	-0.002841	-0.018741	-0.003468	-0.007998	-0.005573	-0.009304	-0.017442	0.019747	0.000415	-0.018735	-0.003139	0.002126	0.005050	0.002112	0.001210	0.004802	-0.009436	0.014032	0.009046	-0.004955	-0.002788	0.002729	-0.000570	0.007543	-0.000028	0.007039	0.005654	-0.004081	0.009998	0.009625	0.008845	0.000174	0.007288	0.012962	-0.006716	-0.012308	0.010074	0.023384	-0.004156	0.012894	-0.008091	0.007116	0.002602	-0.013383	0.006404	-0.001511	0.010838	-0.006961	-0.001697	0.004303	0.001656	0.010572	0.014030	-0.013312	-0.012744	
0.003491	-0.002125	0.021100	-0.009933	0.001864	-0.005484	-0.001577	-0.001363	0.003974	0.015608	-0.000402	0.000301	0.006801	-0.002715	0.009758	-0.016800	0.006724	-0.005547	-0.013298	0.007506	-0.009718	0.015192	-0.001037	-0.006708	0.003645	0.002562	-0.006311	0.004750	-0.000260	-0.006119	-0.001980	-0.000227	-0.020663	-0.009631	0.005341	0.011138	-0.005714	0.004415	0.005941	-0.017946	-0.007121	-0.008532	-0.004940	-0.006483	-0.000882	0.013907	0.004790	0.009052	-0.003709	-0.012714	0.011825	0.011188	0.006788	-0.008717	-0.021810	0.000590	0.018398	-0.014881	-0.017952	0.002920	-0.001090	-0.015082	0.007535	-0.005079	0.006997	0.013258	-0.009144	-0.004271	0.002973	0.013404	0.006178	0.007227	-0.006770	0.003663	-0.000161	-0.017742	-0.003364	-0.013870	-0.001530	-0.008579	0.011467	-0.025737	0.007084	0.004917	0.002856	-0.001614	0.013414	0.001843	-0.000894	0.011840	0.000316	0.008010	-0.008432	0.019681	-0.001011	-0.007816	0.001731	-0.001082	0.000770	-0.001455	
0.021670	0.002845	-0.001679	0.025026	-0.007247	0.008007	-0.009418	0.004614	0.020889	0.017678	-0.000422	0.007833	-0.000580	-0.001495	0.007213	-0.012666	0.002868	-0.010657	0.001609	-0.002737	-0.004224	0.001292	0.017462	0.012760	0.016607	-0.001633	-0.003273	0.013618	-0.005831	0.002569	-0.008987	-0.019884	0.005044	-0.012167	0.007401	0.008770	-0.011217	0.004121	-0.013656	-0.013525	0.007228	0.006616	-0.003804	-0.007124	0.009833	-0.012858	-0.003932	-0.006448	0.002786	0.009285	0.003873	0.003571	-0.000539	0.019892	-0.007650	-0.004165	0.001326	-0.013241	0.006275	0.005258	-0.003193	-0.007671	0.000109	0.011532	-0.020094	-0.005999	-0.006055	0.006872	-0.018731	0.005857	0.001037	-0.001193	0.004063	-0.015305	0.005268	-0.004353	-0.004260	-0.001973	-0.003157	0.030452	0.015603	-0.015447	-0.003861	0.011762	-0.008884	0.006546	0.004334	-0.006700	0.014536	0.005862	-0.020310	-0.005293	0.001357	-0.005193	0.003008	-0.003258	-0.015230	0.005337	-0.004296	0.013338	
0.002089	0.001691	-0.002473	0.000262	0.001293	-0.016299	0.012113	0.016103	-0.016813	0.001155	-0.005694	-0.001890	-0.005302	-0.002282	-0.009935	0.001534	-0.012361	-0.006671	-0.008580	-0.001931	0.008964	0.002215	0.000511	0.008270	0.004911	-0.014952	0.003793	-0.012296	0.012559	0.006487	0.007200	0.001707	-0.016378	-0.005069	0.003419	0.013627	-0.020738	-0.002458	-0.004330	0.008412	-0.025453	-0.009279	0.003119	0.006785	0.002317	0.000551	-0.002073	0.008631	0.007281	-0.027523	0.017824	-0.000499	-0.018373	-0.002666	0.010980	0.015829	-0.001928	-0.001962	-0.006020	0.000512	0.007572	-0.018028	-0.004479	-0.010929	0.002240	-0.006652	-0.001843	-0.007583	-0.017949	0.018746	0.013477	0.001049	-0.009317	-0.011374	0.016244	-0.014591	-0.002479	-0.001166	0.000947	0.010202	-0.014160	-0.002642	-0.001016	0.000089	0.012039	-0.008638	0.003150	-0.013507	-0.004031	-0.007877	0.003660	-0.017455	-0.008872	-0.012092	0.000901	-0.009024	0.005510	0.006000	0.013767	-0.003725	
0.003826	-0.022167	-0.005228	0.002745	0.003829	0.000836	0.002404	0.022672	-0.014225	0.001793	-0.006565	0.016403	-0.008348	0.011539	0.011769	0.007908	0.007686	0.002006	0.011682	-0.000563	0.009033	-0.015010	0.004713	0.001995	0.011820	0.009845	-0.000860	0.003553	0.006939	-0.003922	0.020605	0.000545	-0.006045	-0.001811	-0.012009	-0.012588	0.010610	0.000042	-0.015098	0.011917	-0.006880	-0.008731	-0.006144	0.003414	-0.000643	-0.011521	0.023173	-0.009274	-0.006937	0.006858	-0.007917	0.004681	0.009710	0.011912	-0.013386	-0.001160	-0.006341	-0.006281	0.002150	0.007136	-0.001200	0.007114	0.003916	0.001151	-0.011009	0.006262	0.012324	0.003545	-0.009212	0.008984	-0.008665	0.002371	0.005154	0.006464	-0.011237	-0.003174	-0.009775	-0.009602	0.011633	0.010607	-0.003435	-0.001840	0.005427	0.004290	-0.006797	0.014890	-0.008702	0.006263	0.001063	0.017815	-0.015224	0.002061	0.029596	-0.009797	-0.015868	0.018392	-0.022879	-0.000452	0.002476	-0.002074	
-0.004813	-0.004591	0.015046	-0.004940	0.010605	0.011902	-0.004506	0.002473	-0.012877	-0.008344	-0.018304	-0.011377	0.016603	0.005207	0.008346	0.002289	0.001463	-0.000622	0.005437	-0.022738	-0.005550	0.005424	0.007337	-0.012934	0.008260	-0.003923	-0.002995	0.011482	-0.005881	0.018101	0.019819	-0.010516	0.005044	0.011544	0.004968	-0.007531	-0.016807	0.006765	0.011907	0.012060	-0.000300	0.004701	0.002346	0.007582	0.018032	0.001473	0.012193	-0.001620	-0.013080	0.005379	0.005636	0.001215	0.005861	0.012037	-0.006999	0.011750	-0.002289	-0.018947	-0.010674	0.008970	0.007198	0.002724	0.002760	0.001211	-0.015028	-0.004268	-0.021382	-0.021098	0.001431	-0.005294	-0.005960	0.009678	0.023028	-0.016948	-0.003216	-0.011151	0.020250	-0.000639	0.017460	0.008634	-0.002875	0.004190	-0.003834	0.015407	0.011050	0.018820	0.017600	0.009542	-0.000208	0.009860	0.006559	-0.001537	-0.004666	0.009631	0.003762	-0.006778	-0.005788	0.007964	0.011532	-0.002562	
-0.010350	-0.015669	-0.000052	-0.006060	0.000847	0.008343	-0.007272	0.002813	0.004557	-0.009632	0.001397	-0.014458	0.005988	0.007197	0.009212	-0.006484	-0.013456	-0.008219	0.011109	0.036663	-0.001048	-0.005265	-0.001916	-0.005666	-0.009950	-0.000186	-0.005995	0.007713	-0.010136	0.004066	-0.016229	0.001478	0.009035	-0.000240	-0.009733	0.019171	-0.001370	0.020961	-0.005654	0.007827	0.000854	-0.014364	0.007793	-0.002018	-0.003120	-0.000457	-0.002862	-0.012718	0.006648	-0.005906	-0.009433	0.014816	0.012548	-0.012312	-0.015223	-0.001027	0.003700	-0.005266	-0.004830	-0.010667	-0.002525	-0.009729	0.002983	0.001941	-0.012452	-0.000216	-0.001805	0.016322	0.003739	-0.006436	0.003257	0.002268	0.013049	0.006920	0.004892	0.000724	-0.008364	0.008351	0.000891	-0.001599	-0.010513	-0.002172	-0.005616	0.011418	-0.007740	-0.006269	0.021745	0.004025	0.008652	0.001216	0.000270	0.009988	0.014175	0.001227	-0.012516	-0.002958	-0.004341	0.010427	0.000034	-0.023309	
0.023173	-0.014377	0.001353	-0.015658	-0.015088	-0.002386	-0.020810	0.004477	0.017112	-0.006598	-0.016511	0.005801	0.004548	0.003758	-0.012214	0.011834	-0.008234	-0.002991	-0.005767	-0.001628	-0.000327	0.013201	-0.013731	0.000306	-0.003010	-0.010433	0.000806	0.007722	-0.002653	-0.001902	0.009115	0.010070	-0.002016	0.008278	-0.002081	0.006484	-0.000705	-0.006387	-0.004264	0.006584	-0.004312	-0.009444	-0.011808	0.005150	0.001348	0.004685	-0.002855	0.004296	0.000827	-0.005077	0.002122	0.024242	-0.005124	0.006643	-0.000745	0.004607	-0.012947	-0.006071	-0.005983	0.003719	0.017826	0.002109	0.008342	-0.019732	-0.000984	-0.001451	0.009900	0.006150	0.004060	0.004146	-0.008289	-0.005059	-0.013236	-0.005687	-0.022740	0.002267	-0.009030	0.007248	0.007570	0.006926	-0.019451	-0.005669	0.000862	-0.010303	-0.005410	0.007775	-0.005371	-0.000526	0.003006	-0.013300	-0.005974	0.007820	0.007859	0.016472	0.012904	0.000988	0.009818	-0.002199	-0.013584	0.001722	
0.006649	0.004211	0.014038	0.007685	-0.006641	0.001877	-0.009507	0.009535	-0.008717	0.012186	0.013981	-0.001165	-0.016450	0.009215	0.009262	-0.017945	-0.009455	-0.004522	-0.004337	-0.009290	-0.003773	-0.012454	0.001095	0.014692	-0.015525	-0.016734	0.015177	-0.007817	-0.007162	0.000199	0.004778	0.008077	-0.003624	0.000431	0.014543	0.000980	0.003091	-0.005874	-0.012646	0.005928	0.018816	0.004491	0.008351	-0.007735	-0.002738	0.015619	-0.006362	0.009895	0.000889	0.002975	0.002327	0.000709	-0.003436	-0.002296	0.002776	-0.004018	0.001567	-0.010373	-0.004370	0.011845	-0.009020	0.000903	0.003619	-0.007766	-0.002034	-0.008707	-0.004374	0.011067	0.009537	-0.002969	0.017458	-0.004460	0.004761	0.012116	0.005962	0.020958	0.004623	0.010257	0.001166	-0.004131	-0.015664	-0.008525	0.028810	0.005278	0.016547	0.013185	-0.010016	0.005969	-0.000057	0.001895	0.005018	-0.009932	-0.006656	-0.032522	0.005902	-0.010349	0.001807	0.012064	0.007207	0.003892	
-0.007795	0.008205	-0.002149	0.011476	0.016960	-0.004437	-0.005023	0.013909	-0.005154	-0.009239	0.013623	0.001721	0.006608	0.000118	-0.007389	0.007433	0.003884	0.005826	0.005289	-0.003516	-0.004147	-0.000496	-0.004602	-0.009871	0.019601	0.002128	-0.002812	0.008992	0.002111	-0.013314	0.001611	0.008846	0.005424	0.006410	0.006692	-0.000814	-0.017311	-0.006239	0.002241	-0.008456	-0.003780	0.005981	0.022599	0.001850	0.002112	-0.019881	0.003405	-0.006520	-0.007482	0.012677	0.002783	0.001875	-0.004117	0.010391	0.004333	-0.005169	-0.000247	0.005927	0.000978	-0.019810	0.000275	0.001693	-0.004090	-0.009275	-0.010203	0.003741	-0.002451	0.007249	0.001158	-0.006241	-0.007029	-0.004726	0.001234	0.008680	-0.010714	0.004688	0.010391	0.014815	0.003008	-0.001383	-0.001204	-0.001935	-0.012231	-0.021307	0.003922	0.013041	-0.006225	-0.010936	0.006153	-0.013737	0.014183	0.004157	-0.014880	0.012890	-0.008024	-0.005164	-0.009076	0.015621	0.004622	-0.015529	
0.014974	-0.007448	0.002972	-0.015084	-0.005485	0.013896	0.001791	0.002045	0.010500	-0.008631	-0.008600	0.001701	-0.003410	-0.001981	-0.005024	-0.007205	0.009925	-0.005861	-0.012501	-0.001669	0.005379	0.020250	0.024101	-0.005641	-0.004721	0.002489	0.021743	0.020314	0.006052	-0.000595	-0.016512	-0.004559	0.017044	0.009689	0.005117	0.011968	-0.015385	-0.001097	0.019250	0.014696	-0.001648	0.010846	0.012821	0.016044	0.003635	0.014967	0.000861	0.000193	0.019320	-0.007664	-0.010521	-0.008313	-0.013458	-0.006171	0.008282	0.007995	0.007326	0.010354	-0.002872	0.020536	-0.005664	-0.010731	-0.002024	0.011915	-0.009083	0.006105	0.003907	-0.006173	0.007478	0.008605	0.024457	0.005937	-0.003270	-0.014454	0.011046	0.006294	-0.001998	0.008419	0.017674	0.002186	-0.005118	0.010055	0.003014	-0.005062	-0.011373	0.007010	0.013109	0.006500	-0.005003	-0.001519	0.013052	-0.003656	0.005489	-0.011369	0.002898	-0.003287	0.003553	0.003996	0.000963	-0.010599	
0.021390	-0.004999	-0.013030	0.020246	-0.011095	-0.007815	0.010821	-0.005653	-0.010206	0.014833	0.018678	0.008049	-0.007667	0.009756	-0.020090	0.002793	0.010687	-0.011854	0.004383	-0.000773	0.013912	-0.008220	0.001672	0.003522	-0.018875	0.005916	-0.017666	0.000953	0.008896	-0.000811	-0.003223	-0.014792	-0.006694	-0.027023	0.001358	0.011351	-0.000503	-0.006857	0.007506	-0.011933	-0.004722	-0.005688	-0.003285	0.016386	0.006285	-0.007155	0.005336	-0.011937	-0.005209	-0.017450	0.015889	-0.018025	0.007078	-0.004491	-0.001057	-0.007954	-0.019667	0.012205	0.002261	0.007716	-0.006775	0.005067	-0.004568	-0.012739	0.008185	0.009931	0.012913	0.010923	0.011211	-0.009087	-0.002713	-0.014083	0.013693	0.006623	0.001104	-0.001942	-0.002784	-0.001677	0.013041	0.009220	0.013622	-0.004462	-0.004155	-0.012017	-0.000934	0.000501	0.008052	0.012979	-0.001138	0.000203	0.001583	-0.017738	0.007017	0.002608	-0.010872	0.003672	-0.005805	-0.003985	0.003739	-0.001374	