-0.002406	-0.011520	0.000662	0.007259	-0.008232	0.014466	-0.007662	0.002304	-0.004951	-0.018526	-0.006856	-0.005691	-0.007173	0.000418	0.000596	0.004844	0.007693	-0.009496	-0.004938	-0.010244	0.010693	-0.015457	0.008335	-0.002660	-0.005590	0.000316	0.009401	-0.004886	0.002254	-0.010359	0.002765	0.005043	0.002852	-0.000121	0.017044	0.012267	-0.004571	-0.001156	-0.000367	-0.016090	-0.014008	0.003375	-0.003444	-0.006927	-0.002099	-0.009014	-0.006241	-0.002795	0.002500	0.014831	0.018603	0.008914	0.004221	0.004921	0.011118	-0.007740	-0.008078	-0.000304	0.010052	-0.017813	0.003606	0.005468	0.001831	-0.002275	0.023029	-0.003204	0.009184	-0.001408	-0.004267	0.004134	-0.005954	0.008707	-0.030809	-0.001303	0.006345	-0.002062	0.006732	-0.010566	-0.013227	-0.011077	0.005371	-0.011090	-0.006070	-0.025595	-0.002383	-0.008015	0.006553	0.005506	0.001120	0.008897	0.002717	-0.001551	0.007217	-0.003163	-0.010947	0.010841	0.002885	-0.001710	0.009069	-0.000526	
0.029096	0.010412	0.007115	0.004079	0.002898	-0.003275	0.004561	0.003060	0.001346	-0.008859	0.000485	-0.022166	-0.002312	0.009968	0.005084	-0.003119	0.029595	0.005116	-0.008668	-0.002711	0.002103	0.005557	-0.005305	0.009274	-0.000366	0.007036	-0.006954	0.002213	-0.002133	0.008993	-0.001209	0.003287	0.006434	0.000499	0.007582	-0.000296	-0.004575	0.008257	0.008705	0.006356	-0.005029	0.004582	0.005011	0.005683	-0.006227	-0.008000	-0.012666	0.001667	-0.013229	0.001937	0.001490	0.015045	-0.001487	0.011331	0.008281	-0.000515	-0.005236	0.004036	0.012549	0.002356	-0.006025	0.004630	-0.002990	0.005046	0.015467	0.008260	0.007269	0.017176	0.009765	0.007107	0.018746	-0.002701	-0.008497	-0.006004	-0.005577	-0.016801	-0.002545	0.014391	0.014614	-0.009957	0.001172	-0.001534	-0.020740	0.003027	-0.006860	0.009608	-0.000906	-0.020738	-0.000456	-0.012792	0.009915	0.003204	0.008395	-0.009014	-0.003052	-0.012286	-0.018594	-0.002542	0.000767	0.004432	
0.000676	0.000846	0.006711	0.014245	0.010558	0.011490	0.012746	0.010546	0.009062	0.002014	-0.003600	-0.017241	-0.007573	-0.005349	0.003520	-0.006878	0.002210	0.001860	-0.015306	0.006558	-0.016154	-0.012650	-0.003656	-0.009350	0.008770	-0.008346	-0.008724	0.006607	0.001194	0.011962	-0.003762	-0.007630	-0.010944	-0.001075	0.000761	0.010491	0.019681	0.022674	-0.016528	-0.016310	0.002910	-0.000530	0.003774	0.006646	-0.018236	-0.015367	-0.001865	-0.001142	-0.003841	-0.002149	0.003901	0.001979	-0.005011	0.002337	0.004721	-0.006514	0.008429	0.003483	0.015316	0.018105	0.011608	-0.010174	-0.008883	-0.010993	0.002684	-0.008508	-0.006484	0.002146	-0.001505	0.005180	-0.019736	-0.002412	0.008848	-0.006659	0.015324	0.003239	-0.019097	0.014262	-0.011140	-0.002649	0.000166	-0.008920	-0.001923	0.002172	0.025242	-0.018661	-0.004674	-0.001322	0.008366	0.001631	0.005110	-0.006835	0.003774	0.003422	-0.009574	-0.012294	0.008258	0.001630	-0.007440	0.001970	
0.016472	0.011916	0.000048	0.004503	0.018672	0.004933	0.005046	0.000322	-0.000649	0.016248	0.027383	0.008323	0.003759	-0.005598	0.012112	-0.011353	0.008722	-0.009654	-0.007064	-0.011667	0.009250	0.013623	-0.005705	-0.005580	0.011256	-0.000829	0.002042	0.004708	-0.001126	0.006940	-0.011864	-0.014307	-0.002522	0.002871	0.014762	0.002558	-0.003381	-0.012950	-0.001478	-0.010945	0.021242	0.001720	-0.002408	-0.008245	-0.001426	-0.018452	0.010423	0.012970	-0.014515	0.001186	0.011694	0.018679	-0.004975	-0.012510	-0.004973	0.003169	0.005706	0.001164	0.006332	0.005367	0.000213	0.013030	-0.003409	0.008219	0.012965	0.012129	0.005621	-0.007376	0.003002	0.000553	0.011201	0.004572	-0.016088	-0.007426	-0.002196	-0.004766	0.015116	0.005482	0.013273	-0.009231	-0.006447	0.003583	0.017319	-0.024594	0.015175	0.013272	-0.008921	-0.003152	0.003287	-0.009582	0.002346	0.009261	0.000225	0.007543	-0.012367	0.011562	-0.001608	0.010611	0.015975	0.002794	
0.021885	0.007012	0.026026	-0.019096	0.002158	-0.001478	-0.005519	-0.009727	0.001269	0.010471	-0.009581	-0.008798	-0.001528	0.008069	0.003661	0.009462	-0.004658	-0.014004	-0.013030	0.000048	0.023957	-0.003813	0.015820	-0.007919	0.006197	-0.003337	-0.021453	-0.017742	-0.007766	0.003546	-0.005659	0.001302	-0.023952	-0.002591	-0.001388	0.004489	0.010637	-0.025382	-0.011998	-0.000917	-0.008566	0.003090	0.003456	-0.000077	-0.003780	-0.002231	0.001635	-0.000370	-0.012449	0.005300	-0.004899	-0.012869	-0.004623	-0.036235	0.012061	-0.000652	0.003956	-0.010737	0.013629	0.019817	0.011959	-0.007927	-0.009029	-0.001273	0.004942	0.006278	0.002393	0.005150	0.001305	0.021814	-0.007068	-0.005925	0.022241	-0.002896	0.004495	0.002790	-0.008175	0.005894	0.001006	-0.000832	0.003083	0.005841	0.003869	-0.012232	0.006748	0.014900	0.000543	-0.018099	0.015963	0.005911	0.006331	-0.004310	0.001222	0.015745	-0.004534	0.008050	0.010108	0.007647	-0.002001	-0.011098	
0.000840	-0.001213	-0.000877	-0.021449	-0.007484	-0.009069	0.007925	0.009821	-0.006128	-0.012594	0.018105	0.001845	0.005267	-0.002688	0.008485	-0.006581	0.021248	-0.007948	-0.000384	0.007324	-0.017092	0.000846	0.000443	-0.004133	0.011414	0.007655	-0.015382	0.000537	0.008539	-0.011298	0.017612	0.015475	-0.031379	-0.004733	-0.002225	-0.004709	-0.006859	0.003598	-0.014672	0.003124	0.002490	-0.009773	-0.013373	0.012626	0.001550	0.017034	-0.011427	-0.007844	-0.012718	0.005947	0.014126	0.001090	0.012393	-0.010439	0.015828	-0.009028	0.002767	-0.004555	0.005683	-0.020235	-0.009214	0.013257	-0.001237	0.009479	0.006754	-0.006051	0.002745	0.001399	0.005193	-0.002021	-0.015805	-0.016372	0.004954	0.027810	-0.003158	0.014974	-0.011383	0.008133	0.007142	-0.003153	0.011259	-0.002824	-0.009922	-0.013370	0.020958	-0.008657	-0.003115	-0.006989	0.006508	-0.014655	0.008391	-0.001671	-0.005009	-0.008934	0.005821	-0.000729	-0.002581	-0.003282	-0.004496	-0.007175	
0.008495	0.003348	0.003627	-0.006696	-0.006275	-0.000417	0.011067	0.000155	-0.000714	0.021745	-0.003052	-0.002098	-0.013301	0.014483	0.001043	0.000018	-0.003959	0.009336	-0.012809	-0.021309	0.008117	0.002354	-0.022526	0.009927	-0.023597	-0.000572	0.006082	0.010691	0.001499	0.017321	-0.003851	-0.004919	-0.006941	-0.005475	0.011613	0.019819	-0.012514	-0.002231	-0.000535	-0.009669	0.000546	0.008175	-0.006634	-0.021454	-0.016170	-0.001494	-0.016155	0.009844	0.001204	-0.018023	0.010127	-0.009353	0.007851	-0.016166	0.019242	0.000875	0.000410	0.008185	-0.003703	-0.012658	0.004913	0.012405	-0.001218	-0.003663	0.005522	0.002743	-0.005217	-0.003302	-0.003766	-0.003727	-0.008026	0.003821	0.006778	-0.012951	-0.018949	0.004698	0.010964	-0.000343	0.015251	0.006198	-0.002850	-0.001175	0.007040	-0.005837	0.007577	0.012619	0.000345	0.009918	-0.006591	-0.019019	-0.002881	0.012891	0.014905	-0.001505	0.010695	-0.014593	-0.004297	0.007906	0.002398	0.001785	
-0.007446	-0.020312	-0.008088	0.008188	-0.000593	0.003963	0.018107	0.000806	-0.002578	-0.001345	0.015683	-0.002101	-0.004208	-0.004001	-0.002641	-0.001210	0.000509	-0.011654	0.001611	0.016679	0.005523	0.008464	0.019609	0.008352	0.000993	0.010201	0.003328	0.000094	-0.001424	-0.011785	-0.001438	0.005799	-0.007712	-0.020165	0.009505	-0.010207	0.007546	0.011121	0.005444	-0.000240	-0.006378	0.005618	-0.022592	-0.000277	-0.020237	-0.010358	0.002491	0.009921	0.005069	-0.016597	-0.004835	-0.000136	0.007727	0.002439	-0.006905	-0.002647	-0.018878	-0.002050	0.012032	0.001700	0.003723	-0.013074	-0.001227	0.001870	-0.006221	0.004560	-0.008943	0.007610	0.006210	-0.020521	-0.006695	-0.000249	0.005120	-0.007879	0.016399	0.008844	0.010402	0.013818	0.003237	0.012909	-0.006929	-0.007729	-0.003409	-0.012173	-0.003995	-0.011241	-0.010205	-0.020948	-0.002352	0.009902	-0.011369	-0.004631	-0.011152	-0.009161	-0.004499	-0.021879	-0.002203	-0.001949	-0.001971	0.007332	
0.001590	-0.006844	0.001874	-0.005782	-0.008274	-0.002813	-0.013594	0.018825	-0.004942	0.007177	0.007150	-0.008268	-0.001095	-0.005457	0.001520	-0.014165	0.004996	0.008270	0.019246	-0.001514	0.000276	-0.000441	0.003474	-0.003948	0.010268	0.013268	0.006079	-0.007624	0.008118	-0.001547	0.011708	-0.008167	-0.000246	-0.014949	0.017679	-0.009093	-0.012525	0.011271	-0.004208	0.001935	0.006893	0.007581	-0.006955	0.008855	-0.011947	0.006233	-0.005493	0.005138	0.008138	-0.003771	0.000631	-0.005146	0.010991	0.001993	0.005829	0.005900	0.013687	0.001724	0.006899	-0.001502	0.010132	-0.012027	-0.014941	0.009192	-0.000654	-0.005625	0.007201	-0.005776	-0.017956	-0.002752	-0.029095	0.010108	0.003070	-0.010500	0.020037	0.005133	0.015463	-0.002054	0.027882	-0.012089	-0.013519	0.013688	-0.007577	-0.012954	-0.012457	0.007865	0.001913	0.014683	-0.001755	0.004757	-0.003260	-0.005139	0.004645	-0.003549	0.012543	-0.000603	-0.005875	-0.013451	0.005501	-0.000873	
0.007118	0.005223	-0.007427	0.008760	-0.001289	0.003846	0.002497	0.009037	0.017614	-0.011653	-0.004129	0.008616	-0.006484	-0.011081	0.002902	-0.010600	-0.012028	-0.005860	0.002763	-0.002687	-0.001993	-0.009090	0.001581	-0.006087	-0.004748	-0.004132	0.009340	-0.001019	0.017032	-0.026880	-0.012716	0.012246	-0.011096	-0.010957	0.000216	0.001951	0.000844	-0.011725	0.009607	0.002682	0.005821	-0.019599	-0.004259	0.013980	0.007703	-0.003862	0.003757	0.007432	-0.001546	-0.004515	0.000154	-0.005003	-0.007019	0.015392	-0.001049	-0.004795	0.000392	-0.002971	0.003125	0.001823	-0.001938	0.010059	-0.011282	-0.014369	-0.009815	-0.011933	0.013047	-0.000354	0.013128	0.000252	-0.012733	0.008854	-0.003592	-0.009095	-0.001002	-0.016449	-0.005389	0.003953	0.006724	0.005153	-0.002422	0.010283	-0.008141	-0.016805	-0.004130	-0.008668	0.002107	0.003326	-0.009852	0.000057	-0.013661	-0.009292	0.003045	-0.007495	0.001625	0.002467	0.003562	0.004463	-0.003022	0.001047	
-0.012588	-0.013587	-0.007010	-0.002599	-0.014291	0.001754	0.003357	0.010280	-0.008373	-0.004123	0.000767	0.009216	0.000821	-0.010017	-0.009281	0.009702	-0.016090	0.003370	0.002091	-0.005418	-0.009576	-0.005360	0.006274	0.002955	-0.019883	0.005555	-0.004242	-0.006445	-0.023382	0.018963	0.014398	0.002698	0.006776	0.021388	0.011684	0.010914	0.014255	-0.000130	-0.025739	0.003636	-0.002914	-0.012220	-0.015029	0.007618	0.013179	-0.003587	0.007677	-0.009351	-0.004363	-0.013228	0.002686	-0.008290	-0.021735	0.003002	0.005145	-0.008441	-0.005338	0.009411	0.004357	-0.006714	-0.007514	-0.011352	-0.013737	-0.002044	-0.004008	0.000494	0.006704	0.010470	0.011561	-0.007723	0.007560	-0.006267	0.008141	0.019751	-0.006960	0.006148	-0.006932	0.010126	0.016388	-0.003330	-0.013812	-0.011170	-0.018375	0.005514	-0.007500	0.019032	0.007280	0.005212	-0.007408	-0.019454	-0.000209	-0.004197	-0.005383	0.005255	0.002640	-0.010595	-0.000683	-0.018956	0.003226	-0.004132	
-0.025951	0.000098	0.009713	-0.008457	-0.003281	-0.001564	0.007275	0.009845	0.007399	0.017757	0.004271	-0.010079	0.012337	0.001487	0.003154	-0.002303	0.003264	-0.001034	0.013476	-0.003891	0.010258	-0.000945	0.003362	-0.011164	-0.003001	-0.009005	-0.015309	-0.003376	-0.003815	0.004005	-0.020663	-0.001856	0.009349	0.012247	-0.001903	-0.024594	-0.006446	0.004483	-0.000224	-0.010306	-0.015377	-0.008024	0.005791	0.009332	-0.003094	0.014755	0.008279	0.003419	-0.013080	-0.014528	-0.013146	-0.000385	0.006496	0.008608	-0.002739	-0.010566	0.014605	-0.005138	-0.009300	0.005264	-0.007662	-0.001846	0.018394	0.008297	-0.001791	-0.005302	-0.014797	-0.011098	-0.005656	-0.002714	-0.007049	-0.000183	0.007344	0.000522	0.002379	-0.005595	-0.016158	0.017258	-0.000896	0.008850	-0.007930	-0.020734	0.010428	-0.010650	-0.000629	-0.011226	-0.000881	-0.003132	-0.013085	-0.001984	0.018463	0.008853	-0.017524	-0.012930	-0.007213	-0.005446	-0.004850	0.016546	0.000306	0.023884	
0.005214	-0.010735	0.006084	0.011211	0.027668	0.004361	0.001339	-0.009003	0.007789	0.004096	-0.017591	0.018110	-0.005561	-0.004711	0.001993	0.008562	-0.005373	-0.006556	-0.010163	0.000648	-0.000778	0.003272	-0.000166	-0.000960	0.004799	0.013679	0.018891	0.008131	0.012537	0.000253	-0.001339	-0.002581	-0.001257	-0.003943	0.005354	-0.005507	0.008547	0.009486	-0.011518	0.012258	0.007341	-0.017299	-0.005667	0.007299	0.003595	-0.006141	0.009610	-0.004021	-0.004562	-0.003173	0.001804	-0.001253	-0.002531	-0.003619	-0.003002	-0.000080	0.011834	0.002138	-0.013000	0.001522	0.015818	0.006072	-0.004975	0.004284	0.004562	-0.019592	0.013558	-0.018945	-0.005622	0.003437	0.001420	0.015892	0.008084	-0.010376	0.003444	-0.025166	0.001013	-0.003399	0.009916	0.003208	-0.009095	0.002481	0.017034	0.004181	0.023885	-0.002787	0.013342	-0.004271	-0.003629	0.003242	-0.007171	-0.001003	-0.006264	-0.022167	-0.010438	-0.017594	-0.005413	-0.011661	-0.015224	0.000408	
0.015458	0.007682	-0.018880	0.009423	0.009677	0.007033	-0.013792	0.017316	0.018387	0.004595	0.009548	0.014338	0.003792	0.000300	0.011828	-0.000261	-0.011925	0.003758	0.008419	-0.001251	0.005804	-0.012022	-0.011877	-0.027738	-0.012598	-0.003625	0.008722	0.019110	-0.008426	-0.007374	-0.001164	0.023457	0.001459	0.006039	0.007337	0.017329	0.005067	-0.002487	-0.002573	0.016189	-0.010421	-0.006522	-0.001837	0.002618	0.008574	0.006904	-0.008381	0.024814	0.011415	0.021747	-0.004733	-0.008202	-0.010861	0.011830	0.013546	0.007461	-0.008208	0.005832	0.008491	0.008611	-0.000960	0.015683	-0.003960	-0.010792	0.010903	-0.011244	-0.005734	-0.002461	-0.008021	0.011614	-0.010566	-0.002577	-0.014723	0.003512	0.011612	0.009775	0.003741	-0.000621	-0.003275	-0.004936	0.015685	0.001652	0.005495	-0.015169	0.017322	-0.001867	0.010323	-0.009504	0.001014	-0.013007	0.008542	0.014052	-0.019091	-0.016026	0.001609	0.010698	0.011399	-0.008342	0.009002	-0.008813	
0.014173	0.010397	-0.004843	-0.025523	-0.010590	0.006117	-0.000577	0.003482	-0.011308	-0.013011	0.016035	0.011560	-0.007730	-0.000338	-0.009657	-0.005783	-0.003694	-0.008064	-0.017738	-0.007807	-0.002109	0.006370	-0.003547	0.013540	0.016181	-0.010869	-0.008460	0.020178	-0.000277	-0.006859	-0.006704	0.011850	0.001505	0.014675	-0.005565	0.002992	-0.029808	-0.001363	-0.012286	0.011911	0.005253	-0.000993	0.027167	0.001708	-0.002416	-0.006309	-0.005747	0.013612	-0.009500	-0.005647	0.010136	0.011043	0.007628	0.008479	-0.010715	0.007111	0.007604	-0.003564	-0.004736	-0.002908	-0.002663	-0.001903	-0.000901	0.007629	0.019181	-0.004511	0.009424	0.008365	-0.001776	0.029595	-0.001610	0.005278	-0.007870	-0.004639	0.001057	0.010108	0.019604	0.016323	-0.020526	-0.003172	-0.015170	-0.022522	-0.000399	-0.001327	-0.005475	0.004376	0.000872	0.010571	-0.002623	-0.000850	-0.012955	-0.006101	-0.013012	0.001054	0.002088	-0.001417	-0.013655	0.014046	0.007040	-0.024309	
-0.006740	-0.001107	0.003721	-0.001154	-0.006552	0.010761	-0.002473	0.003882	-0.013887	0.002621	0.001500	0.001461	-0.004572	-0.014243	-0.009083	-0.000514	-0.004246	0.005329	-0.024668	0.007155	0.011199	-0.006552	0.001173	0.009494	0.001080	0.004208	-0.007667	-0.001704	0.003868	-0.011447	0.006656	-0.004158	0.014479	-0.021520	-0.001487	-0.002083	0.002858	0.017535	-0.011224	0.002434	-0.001075	-0.008288	0.001540	0.011393	0.007859	0.008563	-0.004784	0.007469	-0.002795	0.010912	0.004783	0.012823	-0.005155	-0.008698	-0.012522	-0.006562	-0.013019	0.015044	0.009322	-0.011869	0.016110	0.011347	-0.012799	0.014673	-0.007313	0.013902	-0.007061	-0.008593	-0.004472	-0.017162	0.008996	-0.024239	-0.030380	-0.010292	0.012338	-0.016241	-0.006297	0.001093	-0.019732	0.002522	-0.003706	-0.006559	-0.009211	0.007208	-0.002213	0.009145	-0.022450	-0.011864	-0.008868	0.008577	0.015818	0.001343	0.012981	0.001768	-0.007504	0.004550	0.000864	0.012960	0.001769	0.002585	
-0.017945	0.021886	0.009432	0.006234	0.010754	-0.004759	0.000258	0.011913	-0.007931	-0.000935	-0.002576	0.004321	-0.009643	-0.001937	0.007414	0.007617	0.007111	0.001322	0.020107	-0.002815	-0.016299	-0.002765	-0.013506	-0.006069	0.004520	0.011201	0.006211	-0.009295	0.003242	0.006726	0.010970	0.003209	0.019032	-0.012646	0.011827	0.003108	-0.005059	-0.001381	-0.007532	0.005416	-0.020806	0.006062	-0.004881	0.011465	-0.010364	0.001124	0.001389	0.006220	0.017398	-0.016876	0.005995	-0.017165	0.015038	-0.018455	0.011340	-0.015095	-0.009218	-0.012797	-0.004934	0.005927	0.007536	-0.007960	0.005757	-0.005409	-0.015868	0.006511	-0.012509	0.016678	-0.024809	0.001489	-0.020167	0.006376	0.007474	-0.020952	-0.004136	0.007789	0.009562	0.007649	-0.002503	0.010965	0.003180	0.001653	-0.003829	-0.019876	-0.007005	0.010214	0.004854	0.002025	-0.001640	0.015758	-0.003972	0.003984	0.008717	0.022813	0.001430	0.005328	-0.007148	0.000779	0.018816	0.002504	
-0.010219	0.002448	-0.031165	-0.012366	0.005542	0.005893	0.008865	-0.004224	0.005875	-0.009531	0.003368	-0.018026	-0.000350	-0.016665	0.001552	0.011746	0.000437	0.014478	-0.017665	-0.018875	-0.007241	0.020747	0.007932	0.006372	0.004866	0.006198	-0.004997	0.018887	-0.003169	-0.001239	0.002157	0.008471	0.007193	-0.004733	0.015831	-0.002307	-0.023595	-0.004372	0.008367	0.000470	-0.008560	-0.010525	0.002405	-0.000638	0.001164	0.006068	0.004279	0.016539	-0.003829	0.009184	-0.008447	0.000238	0.022955	0.017187	-0.006795	-0.008132	0.003170	0.014960	-0.000485	-0.012362	-0.004712	-0.010378	0.002662	0.012696	-0.002630	0.022175	0.002267	0.020107	-0.003605	-0.011244	-0.009643	-0.004402	0.004792	-0.017444	-0.007144	0.009469	-0.010147	0.019678	-0.005259	-0.005622	0.005467	-0.002780	-0.017015	-0.000292	0.018317	-0.013518	-0.006404	-0.004339	-0.001516	-0.004932	-0.011021	-0.003746	-0.000111	-0.011721	-0.006310	0.002928	0.003211	0.012180	-0.002031	0.004284	
-0.001577	0.000539	-0.011658	-0.003727	0.001260	0.000655	0.008069	0.010907	0.010892	-0.005951	0.006403	0.001623	0.000617	0.009217	0.010404	-0.002213	0.004971	-0.009720	0.003630	0.000794	0.003014	0.011133	0.011768	0.003791	0.006703	0.009145	-0.007429	0.016962	-0.017742	0.007908	0.000380	-0.002736	-0.005568	0.004499	-0.001074	-0.002528	-0.022809	-0.003600	0.006470	0.001538	-0.024739	-0.003279	-0.009355	0.002076	-0.001446	-0.000695	-0.001235	-0.004258	0.005257	0.008111	-0.015100	0.001185	-0.009630	-0.005047	0.020532	-0.000309	-0.018024	0.003045	0.001188	-0.009734	-0.001715	-0.022378	0.003261	-0.001132	0.002425	0.000291	-0.010069	0.009775	-0.001125	-0.018598	-0.009886	0.006620	0.006144	-0.008093	0.020818	-0.003950	0.003598	0.006541	0.000181	-0.008702	-0.011140	0.002688	0.013748	-0.000491	-0.001908	-0.006713	0.006320	0.004563	-0.010993	-0.004243	0.001892	-0.015954	0.010627	0.001911	0.012775	-0.003495	0.009263	0.007437	-0.016590	-0.001445	
-0.016457	-0.013869	0.003290	0.004929	0.013103	-0.005842	-0.006099	-0.009701	0.011704	-0.007961	-0.005886	-0.012243	0.000079	0.004507	-0.025595	-0.012664	0.001141	-0.006731	0.005206	-0.013308	0.011187	0.005683	-0.013017	0.011553	0.020677	-0.009201	0.001461	0.023526	0.004415	-0.000007	-0.025095	0.001281	0.016825	0.004001	-0.004661	0.009571	-0.015153	0.002445	0.001590	0.007479	0.015464	-0.001580	-0.003908	0.012206	0.000522	0.007292	0.007034	-0.008731	0.011259	0.009218	0.004569	-0.008054	-0.001657	0.001915	0.004868	-0.007783	0.011746	0.017033	0.022175	0.006084	0.002587	-0.013370	-0.010496	-0.005303	-0.015091	-0.003434	0.013316	-0.007644	0.014198	0.002041	0.009270	-0.005373	0.002066	0.002099	0.011267	-0.000289	0.000013	-0.000568	0.005352	0.008364	-0.010598	0.002876	0.002753	-0.006603	-0.001481	0.009851	0.011120	0.011979	-0.004508	-0.005103	0.014045	0.003769	-0.015735	-0.014094	-0.004413	0.003750	0.020531	-0.013381	-0.010139	0.009790	
-0.008626	0.001582	0.009611	0.002268	-0.005815	-0.012950	0.018683	0.002574	-0.000778	0.004714	0.004784	0.004007	-0.008716	-0.000271	0.022744	-0.002478	-0.006017	-0.010779	0.004456	-0.014381	0.002139	-0.008221	-0.005019	-0.011428	-0.006313	0.006690	0.015108	-0.012649	0.005011	-0.010586	-0.004669	0.000662	-0.009854	-0.002442	0.010688	-0.015306	-0.027881	-0.007296	0.007830	0.003364	-0.000942	0.009908	-0.000878	-0.021380	0.029595	-0.027095	0.016544	0.011850	0.013264	0.004251	-0.003772	-0.002655	0.005970	0.001754	0.008703	0.013892	0.003827	0.012768	0.009275	-0.004034	0.001163	0.006920	-0.003443	-0.003304	-0.009503	0.016049	-0.015232	-0.007849	0.003241	0.011352	-0.008699	-0.000165	-0.007734	-0.006351	0.010466	0.014818	-0.006476	0.007979	-0.011016	-0.018594	-0.007777	-0.003117	0.008748	0.002512	0.003894	0.006848	-0.005875	-0.005831	-0.019883	0.014125	0.015539	0.007216	0.007248	0.007757	0.023672	-0.009516	0.013818	0.014817	-0.006216	0.007962	
-0.022381	-0.005647	0.007224	-0.011078	0.009392	0.000414	0.025525	-0.000897	-0.001734	0.002716	-0.003908	-0.004803	0.005256	-0.000778	0.008785	-0.010940	0.010353	-0.005622	0.001280	0.004841	-0.006662	-0.004104	0.002377	-0.014312	-0.000689	0.008349	-0.000662	-0.000480	0.009463	0.009322	-0.015590	-0.010670	0.019677	-0.001016	-0.010133	0.008903	0.018681	-0.013383	0.004596	0.014678	-0.008363	-0.007444	-0.004869	0.012038	0.010821	0.018607	0.011563	-0.002754	-0.010173	0.013194	0.006567	-0.016729	0.002302	-0.002934	-0.000420	0.000626	-0.005805	-0.010709	-0.009366	0.003527	0.007718	0.000042	-0.000002	-0.003434	0.001552	-0.007940	-0.000823	-0.010303	0.012560	0.000280	0.003270	0.012046	-0.000442	0.003089	-0.004476	-0.013387	-0.015939	0.004343	-0.003579	-0.007387	0.011208	0.005437	0.002862	0.007543	0.012418	-0.008629	-0.009088	-0.020955	0.001565	-0.003167	-0.021664	-0.011426	-0.008155	-0.014302	0.006900	-0.009998	-0.002417	0.009908	0.013255	0.020886	
0.001550	-0.004669	-0.004953	-0.010709	-0.009371	0.010757	-0.013432	-0.012858	-0.002508	-0.016454	0.000276	-0.013514	0.000282	0.006940	0.004781	0.004335	0.007846	0.006403	-0.004075	0.014614	-0.006244	-0.004456	0.002281	-0.015086	0.000452	-0.005727	-0.003886	0.009967	0.008472	-0.014514	-0.005375	-0.006444	0.008905	0.010208	-0.006769	-0.007134	0.000012	-0.019736	0.005652	0.000058	-0.021954	0.015042	-0.007018	-0.006371	-0.001603	0.009773	0.008275	0.015331	0.006135	-0.014802	-0.008708	0.014756	-0.004552	0.005233	-0.010806	0.006005	0.002497	-0.016440	-0.004904	-0.001116	-0.006838	0.016892	-0.009449	-0.007232	0.005853	-0.006049	-0.003059	0.013131	0.007105	-0.022236	-0.000150	-0.001158	0.012552	0.010688	0.025027	0.006823	-0.006794	0.006354	0.001216	-0.009273	0.004728	0.002636	-0.000371	-0.001066	0.002360	-0.009353	0.004587	-0.007125	0.004972	0.000696	-0.007876	0.010419	0.014890	-0.003968	0.001320	0.000949	0.007353	-0.004232	-0.025880	-0.007702	
0.016832	0.013547	-0.010501	0.017112	-0.013219	0.017032	-0.000385	-0.011446	-0.016160	-0.003072	-0.026523	-0.014025	-0.006101	-0.000612	0.006004	0.007227	0.015322	0.001713	-0.012303	-0.009860	-0.011793	0.001336	-0.010079	0.001370	0.007861	-0.009726	0.001359	-0.010785	-0.008919	0.012776	0.005865	0.015891	0.024098	0.000833	0.001867	0.000981	-0.006531	-0.005343	-0.000814	-0.015368	-0.008524	-0.001640	-0.003129	-0.001191	0.020748	0.001048	-0.000669	-0.014455	0.007859	-0.012809	0.015976	-0.008211	-0.030094	-0.010303	-0.004061	0.013245	-0.013298	0.002688	0.002564	-0.015723	0.001849	0.021819	0.009627	-0.002510	-0.012451	0.006043	0.013103	-0.014866	-0.001912	-0.021169	-0.000790	0.002063	-0.009366	0.000778	-0.015086	-0.002879	-0.002693	0.000746	0.022745	0.008117	0.015764	-0.000023	0.019746	0.002019	-0.025596	-0.001578	0.027883	-0.008006	0.013602	-0.009100	-0.016660	0.009141	-0.008199	0.005022	-0.000477	-0.003524	0.000842	-0.012584	-0.010523	-0.002323	
0.010966	-0.003406	0.013122	-0.015439	0.004644	0.009685	0.000230	-0.005706	-0.011494	-0.018098	0.001551	0.009190	-0.006780	-0.010429	-0.016095	0.031309	-0.000103	0.001207	-0.009643	-0.015654	0.000099	-0.011528	0.001387	0.000159	-0.003188	0.023028	0.005769	0.007185	0.005256	-0.008733	-0.001351	0.006965	0.006295	-0.000095	0.005943	0.008224	0.002048	0.009126	0.004106	0.013051	0.013471	0.007720	-0.002444	-0.002571	-0.003544	0.022029	0.007081	-0.016523	0.020815	0.024383	-0.001547	0.005435	-0.021307	0.000930	0.012404	-0.009028	-0.012013	0.007293	0.005068	0.004348	-0.002913	0.010917	-0.000781	-0.005371	0.002998	0.007771	0.002235	-0.002045	-0.001189	-0.006434	0.005181	-0.009167	0.017322	0.003080	0.009045	-0.007200	0.007149	0.020457	-0.005666	-0.008316	0.003548	0.030166	0.004731	-0.002927	-0.001965	-0.007848	0.000755	-0.022024	0.006260	0.002445	-0.002325	0.006350	-0.006982	-0.008853	-0.008365	-0.013455	0.001155	0.013038	-0.003700	0.007585	
-0.003415	-0.000351	0.006567	0.019247	0.008336	-0.014375	-0.012089	0.010854	0.006297	-0.012297	-0.009095	-0.001280	0.004222	0.003274	-0.003937	0.005717	-0.005075	0.003405	-0.006873	0.013840	0.008859	0.013320	-0.006023	-0.001518	0.004972	-0.004194	-0.001531	0.024029	-0.009169	-0.004259	0.011962	0.014046	-0.002298	-0.009202	-0.009941	-0.004427	0.012062	0.002855	-0.017241	0.007319	0.012903	0.004228	0.011989	-0.003404	0.018674	-0.005013	0.003000	-0.015813	-0.010812	0.015039	-0.001443	0.020958	-0.009029	0.019599	0.002869	0.004425	0.003079	0.011493	0.011554	0.012623	0.000913	0.007145	-0.024023	-0.010101	-0.004337	0.017184	-0.025738	-0.004579	0.001859	-0.017305	0.007250	0.006326	-0.018099	0.005286	-0.001253	0.002510	-0.007128	0.008327	0.003477	0.028453	0.003401	0.002683	-0.003619	0.002722	-0.005573	0.011894	0.004170	0.005491	0.008478	-0.010232	-0.023379	0.006543	-0.002357	0.000328	0.002023	0.016114	-0.011361	0.007053	-0.000497	0.009619	
0.014480	-0.010872	-0.009362	0.008900	0.014753	0.007838	0.000027	0.001900	0.008437	-0.008745	0.003583	0.001310	0.003524	0.009357	0.005911	0.016817	0.005715	0.025742	0.020535	-0.011073	-0.000363	-0.009011	-0.005640	-0.003772	0.011335	0.005879	-0.003092	0.014897	-0.013223	0.004557	0.006609	0.003067	-0.023950	0.001454	0.002660	0.000563	-0.009594	0.011488	0.005764	-0.009563	0.001314	0.005587	0.012822	-0.004720	0.001252	-0.017094	-0.011653	-0.015294	-0.004274	0.005614	-0.006202	0.014043	-0.005431	0.016751	0.010473	0.007633	-0.010013	0.014037	0.009689	-0.006063	0.010073	0.006917	-0.005926	0.006076	0.012041	-0.007999	-0.001746	0.006565	0.014330	0.000392	0.000165	0.002441	0.006507	-0.003560	0.011779	0.002026	0.007865	0.012906	-0.004614	-0.007344	-0.002793	0.008291	-0.005554	-0.014028	0.009336	0.009614	-0.003016	0.000069	0.005069	-0.001500	0.006122	0.001913	0.017749	-0.006353	0.001434	0.016897	-0.003206	0.027240	-0.000276	0.003138	
-0.001101	0.004970	-0.005503	-0.001818	0.014197	0.022743	0.006017	-0.003121	0.000142	-0.001837	0.006062	-0.011646	0.018180	-0.002792	0.010820	0.004156	-0.008558	0.005687	-0.011310	0.000601	0.005336	0.000269	0.012050	0.002052	0.014460	0.001237	-0.005407	0.000449	-0.007513	0.009267	-0.017383	-0.002716	-0.005289	0.013036	0.021599	-0.000805	0.006233	0.003855	0.002639	-0.010420	-0.003789	-0.007366	-0.000240	0.004984	-0.000511	-0.007313	0.003143	0.006416	-0.000243	0.014324	-0.002913	-0.010218	-0.007988	0.002734	0.009549	0.006659	0.012970	0.024313	0.011049	0.005496	-0.004868	0.009114	0.010328	-0.008052	0.019822	0.009974	-0.007744	0.012681	-0.014023	0.002800	-0.018452	0.006969	-0.004446	-0.008137	0.004078	0.011834	-0.001139	-0.001012	-0.002350	0.018314	0.019892	0.007580	-0.003903	0.002167	0.009194	0.016892	0.000303	-0.006811	0.004846	-0.004793	0.001208	0.004857	-0.019027	-0.003101	-0.010744	-0.000471	-0.018087	-0.002111	-0.017735	0.003029	
0.020601	-0.011803	-0.000684	0.007053	0.008139	0.007083	-0.006582	0.000707	-0.001769	-0.012357	-0.006932	-0.007229	-0.007715	-0.008486	-0.005171	0.002239	-0.006548	0.016402	0.001951	0.008961	-0.004911	-0.014081	-0.001644	0.010479	-0.011155	-0.012867	0.003111	0.008490	0.004200	0.017676	-0.006425	-0.005206	0.006547	0.002759	0.000660	0.002065	-0.016812	0.003287	0.001678	0.009971	0.006753	0.008479	-0.004245	0.001113	0.006340	0.009998	0.001319	-0.014815	0.002134	0.006134	0.019819	0.007712	0.006793	0.002446	-0.010520	0.008862	-0.011518	-0.020232	0.004524	0.001522	-0.004985	0.008401	0.003578	-0.000580	0.011190	0.000316	-0.004772	0.002102	-0.015083	-0.001404	-0.007586	-0.008314	-0.016298	0.001517	0.011763	-0.015457	0.005259	-0.016521	0.012344	-0.003882	-0.004257	-0.002413	0.003554	-0.003099	0.000728	0.006776	-0.005486	-0.003643	0.000542	-0.017872	-0.009800	-0.013725	0.003599	0.003238	0.006411	0.013911	-0.012866	0.007352	0.002523	0.012061	
0.004682	0.005407	0.008826	-0.005520	0.011914	-0.005274	-0.000689	-0.015008	-0.012788	0.004266	0.007129	-0.005305	-0.012673	-0.003279	0.001843	0.006789	0.004657	-0.007031	-0.005884	0.012332	-0.005642	-0.004373	-0.005007	0.011274	0.006299	-0.010792	-0.008522	-0.022739	0.003528	0.011915	-0.002474	-0.002378	-0.008375	-0.004069	0.011706	-0.015810	0.000026	0.018101	0.011976	0.014760	0.016468	-0.027023	-0.005580	-0.006639	0.008551	0.015753	0.001590	0.001510	0.005586	-0.001111	0.009747	0.009287	-0.007235	0.011700	0.013834	-0.003756	0.004629	-0.016306	0.000837	-0.014582	-0.013149	-0.006664	-0.001921	-0.012438	0.008828	-0.000152	0.023386	-0.004030	-0.001550	-0.010422	0.013749	0.010903	0.000296	-0.011880	0.010682	-0.005354	0.012830	0.001683	0.002277	0.003216	-0.003832	0.000074	-0.019670	0.000917	-0.011869	-0.016518	0.000272	0.004015	0.002061	0.002900	0.006579	0.000438	0.016968	0.021455	-0.004478	-0.003380	-0.000040	-0.016305	-0.001698	-0.008376	
0.009432	-0.003161	0.013123	-0.015018	0.006496	-0.006980	-0.002647	0.018825	-0.007957	0.000783	-0.011004	-0.001688	-0.005407	0.005704	-0.009934	0.002832	0.011399	-0.004297	0.003467	-0.009878	-0.000744	-0.009370	-0.003088	-0.006189	-0.009428	0.012133	0.008793	-0.001885	-0.005353	0.006539	-0.020521	0.000388	0.008893	-0.009308	0.019536	-0.005579	-0.004169	0.014974	-0.003690	-0.005458	-0.003171	-0.010347	0.004945	-0.009636	0.005586	0.014180	-0.004565	-0.006982	-0.016658	0.014611	0.011851	-0.008270	0.014610	0.005873	0.011821	-0.024811	-0.013734	0.007495	0.005226	-0.000783	-0.013521	0.019323	0.008354	0.002504	0.002077	0.003059	-0.006641	-0.006744	0.002447	-0.010031	0.001498	-0.011579	0.000054	-0.018806	0.002712	-0.014957	0.014340	-0.000482	0.009116	0.009767	-0.006723	0.004227	0.004654	-0.003887	-0.000632	-0.009719	0.010707	0.017398	-0.000496	-0.000965	-0.025811	-0.004008	0.009914	-0.007055	-0.012798	-0.005268	-0.008136	-0.000221	-0.004567	0.001995	
0.001047	-0.014736	0.009686	0.009263	0.001207	0.001609	0.010706	-0.008209	-0.007009	-0.021455	0.002591	-0.003194	0.007220	0.007537	-0.005020	-0.015083	-0.006008	-0.008650	-0.007766	0.007750	-0.009202	0.005017	-0.001584	-0.006723	-0.015656	0.014678	0.005260	-0.001562	-0.004653	-0.002805	-0.006594	-0.005942	-0.011310	0.007772	-0.002274	0.009572	0.002721	-0.003521	0.005276	0.005437	0.009822	0.003509	0.005153	0.002377	0.007842	-0.008489	-0.023953	0.005356	-0.000909	0.001896	0.022743	0.003178	0.006009	-0.002218	-0.005770	-0.002826	0.008109	0.006589	-0.013600	-0.001239	-0.013513	-0.014239	0.001104	-0.005989	0.006635	0.005291	0.002442	0.006488	-0.013308	0.006756	0.000213	0.022673	-0.025808	-0.011165	-0.004017	-0.004871	0.016244	0.003820	0.008853	0.004719	0.017611	0.003923	-0.009388	0.002948	-0.002844	-0.001112	-0.012790	0.007864	-0.003239	-0.001092	-0.001229	0.006148	0.007131	-0.003363	-0.016168	-0.010573	-0.002410	-0.008521	-0.014872	-0.009633	
-0.000839	0.003937	-0.003617	-0.013596	-0.006876	0.002341	-0.018667	0.014686	0.012032	-0.006131	-0.011525	0.012696	0.005791	0.004449	-0.012082	-0.006087	-0.012382	0.011768	-0.009132	0.004587	0.011971	-0.001625	0.000474	0.018031	-0.001390	-0.007386	0.004788	0.011247	0.006719	-0.004693	0.013126	-0.001444	-0.007715	0.001243	0.004768	-0.009002	-0.004491	0.009396	0.017747	-0.005262	-0.014024	-0.003778	0.005234	-0.000605	-0.001485	-0.007787	0.003920	0.003502	0.003351	-0.001629	0.012628	-0.003018	-0.008161	-0.015021	0.000867	-0.012023	-0.008137	-0.000204	0.019388	0.004133	-0.000990	-0.017666	0.007086	-0.001254	0.007931	-0.014598	-0.006871	-0.010348	-0.010091	-0.000772	-0.006630	-0.001489	-0.013077	0.021747	0.009560	-0.002522	-0.001666	-0.009241	-0.014161	0.016681	0.001991	0.010423	-0.007222	-0.005549	-0.001124	-0.008136	0.008247	0.002893	-0.003328	-0.005347	-0.000938	-0.005719	0.008218	0.008636	-0.007984	0.017756	0.001032	0.019749	0.014111	0.006682	
-0.004923	0.009690	0.008132	0.006396	-0.011516	-0.013504	0.002090	0.016391	0.009140	0.019388	-0.012240	0.011535	-0.023525	0.012329	-0.003261	-0.019313	0.009464	0.000841	-0.009227	0.008788	-0.000465	-0.009007	-0.010301	0.008784	-0.020454	0.008478	0.000976	0.007580	0.004085	-0.016306	-0.000004	-0.014081	0.001575	-0.002274	0.001442	-0.004991	0.004558	-0.017669	-0.010873	0.008844	-0.001582	0.005011	-0.004264	-0.014522	-0.014506	-0.007930	-0.014938	-0.007133	0.006353	0.005678	-0.015099	0.012687	0.001972	-0.021024	-0.011646	0.005425	-0.006213	-0.000850	-0.001917	0.000033	0.002437	0.009404	0.005222	-0.020307	-0.016592	0.008628	0.005712	0.006180	-0.005670	0.003526	0.005462	0.014193	0.003424	0.013971	0.006683	-0.008798	0.003699	0.012107	0.012397	0.015459	0.013540	-0.004043	0.006441	0.001437	0.007927	0.003005	-0.018953	-0.012734	0.007631	0.007784	-0.010644	-0.006287	-0.011232	0.014753	0.004716	0.007428	0.002650	-0.001724	0.008248	0.006842	
-0.010219	0.002657	0.003091	0.021317	-0.005881	0.005466	-0.017304	0.000793	-0.000318	-0.001864	0.005428	-0.006305	0.002692	0.027668	-0.006495	0.002052	0.011263	-0.008713	-0.003939	0.007417	-0.008744	0.003586	-0.001810	0.007759	-0.006523	0.013688	-0.006993	0.000231	-0.001685	0.021742	-0.008816	0.005778	0.020107	-0.006168	0.000710	0.015606	0.024314	-0.023237	-0.010636	-0.009785	0.012057	-0.001544	0.003123	0.012479	0.003871	0.007000	0.008489	0.004391	-0.012585	-0.006003	0.028239	-0.001747	0.018108	-0.004517	-0.005978	0.018469	0.001462	-0.004652	-0.006174	0.007627	-0.002137	0.002823	-0.017022	-0.015087	-0.008844	0.000631	-0.006332	-0.003141	-0.008787	0.011685	-0.012153	-0.004280	0.003634	-0.003176	-0.001143	0.008852	-0.010027	-0.002887	0.010854	-0.005459	0.000388	-0.015239	0.016675	0.021599	-0.032165	-0.011091	0.006206	-0.025096	-0.003170	0.003339	-0.005839	0.009215	-0.010279	0.016316	0.015042	-0.013652	0.010994	-0.004882	-0.014871	0.004264	
0.000193	-0.019737	0.013764	0.010246	0.009991	0.011835	0.007325	0.005358	0.014389	-0.011154	0.001416	0.000359	-0.016157	0.003660	-0.008771	0.000185	0.004971	-0.006857	0.009760	0.019964	-0.003115	-0.007429	0.015045	-0.003899	-0.012359	0.003221	0.000932	-0.001443	0.014337	-0.003216	-0.024168	0.012205	-0.004846	-0.001471	0.001696	-0.000764	-0.003951	-0.005812	-0.001010	-0.002924	0.011841	0.006068	-0.000550	-0.006669	0.001583	-0.006018	0.002242	-0.010378	-0.005439	-0.022024	-0.009502	0.014963	-0.020166	0.006183	-0.000071	0.014470	-0.009154	0.002442	0.001965	0.006617	-0.006818	0.013399	0.007085	0.008416	-0.013883	0.001826	-0.002115	0.025027	0.004683	0.009753	-0.001641	-0.018377	-0.004597	-0.007479	-0.017594	-0.002991	-0.013377	-0.001012	0.010261	-0.003953	0.009127	0.012561	-0.019093	-0.012380	-0.009674	-0.000752	0.000721	-0.020591	0.011188	0.009706	-0.008345	0.009610	-0.003490	-0.000085	0.010970	-0.000237	0.015468	-0.028951	0.003848	-0.015813	
-0.003379	-0.005918	-0.008995	-0.001984	-0.005154	0.029309	0.001051	0.000956	0.006179	0.023955	-0.011429	0.000729	0.009996	-0.015598	-0.017804	0.015898	0.015252	0.018752	-0.020948	-0.022595	-0.004705	-0.004456	-0.004642	0.001795	0.003121	-0.001140	-0.001136	-0.004189	-0.008652	-0.007219	-0.019661	-0.001347	0.006636	0.006539	0.010328	-0.001304	-0.007418	-0.003803	0.004000	-0.010530	0.005083	-0.010527	0.014259	-0.010512	0.005927	-0.003647	0.006189	0.010331	-0.001122	-0.015514	-0.005635	-0.004507	0.004078	0.004653	0.019818	0.003668	-0.002039	-0.001978	-0.017444	0.002326	0.009275	0.010176	-0.009241	0.003640	-0.002957	-0.018590	-0.001876	0.004931	0.000342	-0.006160	-0.002215	-0.005917	0.004725	-0.004189	-0.025738	-0.007998	-0.019526	0.000796	-0.005104	0.001711	0.001859	-0.011148	-0.004438	-0.002299	-0.010592	-0.000409	-0.014735	-0.012658	0.000084	-0.003772	-0.010383	-0.018734	0.000677	0.009041	-0.012286	0.008402	0.004706	-0.006008	-0.003064	0.002437	
-0.009445	-0.003766	-0.002169	0.006126	0.006965	0.002905	0.010686	0.013125	0.003042	0.008408	0.004968	0.012258	0.021748	-0.004338	-0.014522	0.014959	0.005164	0.009320	0.007929	0.000141	-0.000943	-0.025096	-0.001110	-0.011237	0.009541	0.003012	-0.006244	0.010844	0.009491	0.011412	0.003876	0.006856	0.010248	0.005402	-0.012807	-0.002421	-0.001003	-0.005072	-0.005818	-0.010431	-0.001229	-0.007230	-0.000498	-0.005200	0.005705	-0.004439	0.003439	0.012628	-0.004007	0.012337	-0.001981	0.003385	-0.006934	0.009184	0.003965	0.009394	0.009646	-0.003946	-0.002624	0.006106	0.016547	-0.000239	-0.018953	0.002310	0.004765	0.000347	-0.005763	0.004729	0.014892	0.000642	-0.001342	-0.013742	0.001593	0.000219	-0.013359	0.000908	-0.007516	0.005064	0.009713	0.018388	-0.014527	-0.003874	0.006691	-0.003449	0.005308	0.018896	0.002980	0.021459	0.005699	0.012760	-0.008523	0.003346	-0.018241	-0.005525	-0.000603	0.007965	0.008256	0.007618	-0.011086	0.002574	
0.002129	-0.014651	-0.013314	0.004201	0.001175	-0.002387	-0.008776	0.012133	0.006964	0.009838	-0.002996	-0.001169	0.001053	0.001271	-0.006459	-0.005257	-0.005027	0.018254	-0.010356	-0.005004	-0.019312	0.010618	0.010392	0.018033	0.000907	-0.013164	0.001660	-0.009577	0.006468	-0.001573	-0.014304	0.004343	-0.010499	-0.010088	-0.009235	-0.006078	-0.004069	0.013552	-0.008952	0.004145	0.014178	-0.005094	-0.003412	-0.005429	0.000224	0.002574	-0.015306	-0.007868	0.002732	0.007646	-0.004070	0.017316	-0.017159	-0.004203	0.003261	0.004968	-0.019956	0.012322	0.004750	-0.004437	-0.004664	-0.006589	0.003138	0.002888	0.008177	-0.014654	-0.001616	0.017392	0.009468	-0.007505	-0.002723	-0.001979	0.015832	0.015264	0.003249	0.005329	-0.010294	0.009971	0.002556	-0.006779	-0.007559	0.004490	0.003428	-0.002987	-0.006879	0.014896	-0.004443	-0.010003	-0.009096	0.008429	0.016032	-0.010073	-0.004211	0.005018	0.004763	-0.007455	-0.003182	0.000552	-0.001347	-0.002659	
-0.010737	-0.000923	0.017601	0.002726	0.000508	0.006272	-0.003710	0.008413	0.012970	0.005966	0.003442	0.003698	-0.002096	0.006193	0.013539	-0.006059	-0.004901	0.001277	0.006182	-0.000164	0.010074	-0.004504	-0.011513	-0.000585	0.008473	0.006147	-0.004574	0.001703	-0.006425	-0.005724	0.026812	0.004564	0.005153	0.018605	-0.027096	0.010112	0.002743	-0.000271	0.003902	-0.006486	-0.009235	0.005086	0.001979	0.005341	0.020033	-0.015671	0.009990	-0.013505	0.001994	0.000868	0.010274	-0.001323	-0.010459	0.003868	-0.006373	0.006445	-0.006550	0.005276	-0.000683	0.009204	0.021601	-0.006664	0.000936	-0.015797	0.005470	-0.010665	-0.013451	-0.003792	-0.000357	0.004611	-0.006381	0.002323	0.004573	-0.001882	-0.003644	0.007129	-0.011358	0.003198	-0.013598	0.002272	0.007230	0.005979	-0.000723	-0.018804	0.003876	0.005985	-0.005772	0.007300	-0.002315	-0.001246	0.013396	0.005969	0.001556	0.011118	0.019109	-0.002948	0.007649	-0.006125	-0.001787	0.005192	
0.007403	0.015397	-0.001063	-0.015007	0.001072	0.010696	-0.008637	0.016886	0.002711	0.020030	0.016467	-0.007277	-0.001859	0.007349	0.002023	0.000324	0.002435	0.011474	0.018608	0.000917	0.007902	0.029666	0.001672	0.015903	0.000575	0.015816	0.003939	0.000785	0.003851	0.012272	0.021818	0.002828	0.018603	0.027453	-0.009593	0.015547	0.005586	0.006188	-0.003596	-0.002576	0.000153	0.004949	0.006425	-0.007165	0.009913	-0.007414	-0.002191	0.020322	0.010465	-0.009940	-0.010506	-0.002968	-0.001286	0.010478	-0.016015	0.017110	-0.004410	-0.004500	0.005119	-0.000134	-0.007513	0.004332	0.001968	0.006268	0.001139	-0.003170	-0.005241	0.006219	-0.014078	0.001092	-0.007557	-0.004352	0.012191	-0.011798	-0.008091	-0.014094	-0.004193	0.008214	-0.020097	0.002601	0.011896	-0.004983	0.012759	0.005280	-0.008644	-0.012024	-0.003449	-0.003740	0.007859	-0.004650	-0.006086	-0.011567	-0.005072	0.009920	-0.009944	-0.001544	-0.004692	0.021602	0.002463	-0.003326	